Filter,Channel,SNR (dB),RMSE (μV),NRMSE (%),Correlation,PRD (%)
DB4 LVL:2 THR:0.5 hard,FP1-F7,5.34872957350673,3.118667885259113e-05,1.1310431708012052,0.9045104206977973,43.6955979267676
DB4 LVL:2 THR:0.5 hard,F7-T7,4.820235427886665,2.4746643670361335e-05,1.9379322073635425,0.8865477630926245,46.800605166098194
DB4 LVL:2 THR:0.5 hard,T7-P7,4.235264901394769,2.9206561609325703e-05,2.2840160918956895,0.8744483201618282,49.08361207825269
DB4 LVL:2 THR:0.5 hard,P7-O1,5.082146170261447,2.5165013474835126e-05,1.9513872099963772,0.8933265822400226,45.5594458555786
DB4 LVL:2 THR:0.5 hard,FP1-F3,5.962462447996479,2.945009119572162e-05,1.1795644584679836,0.9110449576074011,41.94745064213763
DB4 LVL:2 THR:0.5 hard,F3-C3,8.63972985112855,1.6771927150357965e-05,1.5838268794133366,0.9454658728303941,32.984810334548534
DB4 LVL:2 THR:0.5 soft,FP1-F7,5.3424917033995545,3.1207580425184506e-05,1.131801205379125,0.9043568944022867,43.72488308138103
DB4 LVL:2 THR:0.5 soft,F7-T7,4.786048981397208,2.4836396818611086e-05,1.9449608581584696,0.8855947629758971,46.970345422983286
DB4 LVL:2 THR:0.5 soft,T7-P7,4.2128001335017355,2.927495703561812e-05,2.289364761703301,0.8737605735872014,49.19855524126411
DB4 LVL:2 THR:0.5 soft,P7-O1,5.077622639697015,2.5176964384936204e-05,1.9523139272875234,0.8932096170659565,45.58108211825016
DB4 LVL:2 THR:0.5 soft,FP1-F3,5.956811670742473,2.9468040029080426e-05,1.1802833630635692,0.9109195439707004,41.97301619289938
DB4 LVL:2 THR:0.5 soft,F3-C3,8.633335783167881,1.678385150268254e-05,1.5849529342525894,0.945380715133283,33.008261575199796
DB4 LVL:2 THR:1.0 hard,FP1-F7,5.346192517211072,3.119526687398711e-05,1.1313546314410678,0.9044470647256572,43.70763058762511
DB4 LVL:2 THR:1.0 hard,F7-T7,4.805717991810949,2.478506673547008e-05,1.9409411525914986,0.8861392182268228,46.87327048279241
DB4 LVL:2 THR:1.0 hard,T7-P7,4.226399918046596,2.9233738100509592e-05,2.286141352103157,0.8741747078989159,49.12928401898851
DB4 LVL:2 THR:1.0 hard,P7-O1,5.079332851736598,2.517250657912335e-05,1.951968252716097,0.8932530546352158,45.57301158163914
DB4 LVL:2 THR:1.0 hard,FP1-F3,5.9599712775631275,2.945809565914923e-05,1.1798850612296379,0.9109887791192646,41.9588518575809
DB4 LVL:2 THR:1.0 hard,F3-C3,8.635634750281682,1.6779569959915883e-05,1.5845486144354093,0.9454112776369309,32.99984120258362
DB4 LVL:2 THR:1.0 soft,FP1-F7,5.337160175883345,3.122557258212676e-05,1.1324537245631559,0.904224260558339,43.75009185911911
DB4 LVL:2 THR:1.0 soft,F7-T7,4.7566513218328925,2.4914482301376048e-05,1.9510758034412916,0.8847603210556109,47.11801990752213
DB4 LVL:2 THR:1.0 soft,T7-P7,4.193148596739666,2.933553257164973e-05,2.294101899231576,0.8731480864821801,49.300356547141156
DB4 LVL:2 THR:1.0 soft,P7-O1,5.074122635816946,2.518629121207507e-05,1.9530371635856814,0.8931180393588868,45.59796766756498
DB4 LVL:2 THR:1.0 soft,FP1-F3,5.952063115973374,2.9483211044135474e-05,1.1808910077068027,0.9108132480298833,41.994625138046054
DB4 LVL:2 THR:1.0 soft,F3-C3,8.62850550876172,1.679291075974983e-05,1.5858084289564516,0.9453158277525858,33.0260781250487
DB4 LVL:2 THR:2.0 hard,FP1-F7,5.341413754727941,3.1211369601553474e-05,1.1319386269389948,0.9043284748787868,43.73019208936725
DB4 LVL:2 THR:2.0 hard,F7-T7,4.7726525537757025,2.4872842207109915e-05,1.947814929729652,0.8852029880907788,47.039270577439744
DB4 LVL:2 THR:2.0 hard,T7-P7,4.203410641082646,2.9304572429283603e-05,2.2916807493434956,0.8734594200179333,49.24832592340278
DB4 LVL:2 THR:2.0 hard,P7-O1,5.074935112571556,2.518419006674499e-05,1.9528742330898339,0.8931384651807668,45.59416369515717
DB4 LVL:2 THR:2.0 hard,FP1-F3,5.955474582224836,2.947251477005134e-05,1.1804625898569623,0.9108876323036291,41.97938982260282
DB4 LVL:2 THR:2.0 hard,F3-C3,8.629705683607433,1.679066407806899e-05,1.5855962675987434,0.9453319082427863,33.02165964836082
DB4 LVL:2 THR:2.0 soft,FP1-F7,5.329908999600295,3.125013502279824e-05,1.1333445273610747,0.9040428034435793,43.78450624921028
DB4 LVL:2 THR:2.0 soft,F7-T7,4.720130652851715,2.5012247906010367e-05,1.9587319169941826,0.8837099625478643,47.302913241837025
DB4 LVL:2 THR:2.0 soft,T7-P7,4.1685544534808905,2.9411997884911438e-05,2.3000816516001605,0.8723714342530334,49.428861703748886
DB4 LVL:2 THR:2.0 soft,P7-O1,5.070647017000458,2.519559856030677e-05,1.9537588894181148,0.8930264770531047,45.61481795172021
DB4 LVL:2 THR:2.0 soft,FP1-F3,5.945834840221628,2.9503124038421795e-05,1.18168858283707,0.9106736237307167,42.022988355647364
DB4 LVL:2 THR:2.0 soft,F3-C3,8.623774903955523,1.6801822867160797e-05,1.586650027846261,0.9452518455503741,33.04360528039563
DB4 LVL:2 THR:3.0 hard,FP1-F7,5.337090018499192,3.122599664616401e-05,1.1324691040376929,0.9042205265646659,43.750686014455574
DB4 LVL:2 THR:3.0 hard,F7-T7,4.745781546946,2.494419353103702e-05,1.9534025168997853,0.8844396829307607,47.17420948809252
DB4 LVL:2 THR:3.0 hard,T7-P7,4.18510591013545,2.9361257559760268e-05,2.2961136487690332,0.8728850510631504,49.34358913829739
DB4 LVL:2 THR:3.0 hard,P7-O1,5.072320100647879,2.5191158320673977e-05,1.9534145769925553,0.8930700316702431,45.60677921741402
DB4 LVL:2 THR:3.0 hard,FP1-F3,5.951191165557069,2.9486220516878787e-05,1.1810115461140742,0.9107915362619121,41.99891170233953
DB4 LVL:2 THR:3.0 hard,F3-C3,8.625893626704507,1.6797827774992982e-05,1.5862727584779652,0.9452805413245949,33.035748260970074
DB4 LVL:2 THR:3.0 soft,FP1-F7,5.324975542661717,3.1266921590937016e-05,1.133953323614895,0.9039184893666813,43.80802587871073
DB4 LVL:2 THR:3.0 soft,F7-T7,4.699523034354978,2.5067805550709697e-05,1.963082686757641,0.8831102717455809,47.40798330419242
DB4 LVL:2 THR:3.0 soft,T7-P7,4.155148551740831,2.9453911362805566e-05,2.3033593759436837,0.8719442883515744,49.4993001523867
DB4 LVL:2 THR:3.0 soft,P7-O1,5.069114893416552,2.51997323700546e-05,1.9540794401493329,0.8929857021425122,45.6223019167724
DB4 LVL:2 THR:3.0 soft,FP1-F3,5.9418393229065325,2.9515928882401407e-05,1.18220145523377,0.910583717481549,42.04122702788934
DB4 LVL:2 THR:3.0 soft,F3-C3,8.621667062054941,1.680581127507986e-05,1.5870266659995063,0.9452231496519248,33.0514491541239
DB4 LVL:2 THR:4.0 hard,FP1-F7,5.332973416859328,3.123987467691861e-05,1.1329724167496158,0.9041182280500742,43.77013049761887
DB4 LVL:2 THR:4.0 hard,F7-T7,4.722845387140487,2.5005514209797614e-05,1.958204595110087,0.8837808522865449,47.29017854286292
DB4 LVL:2 THR:4.0 hard,T7-P7,4.170247305383658,2.940720473768792e-05,2.2997068171524844,0.8724188994104852,49.42080649402923
DB4 LVL:2 THR:4.0 hard,P7-O1,5.070705812853927,2.5195531691098106e-05,1.9537537041350366,0.8930268421163148,45.61469688983028
DB4 LVL:2 THR:4.0 hard,FP1-F3,5.947531868556492,2.9497853236502674e-05,1.1814774714157132,0.9107101587704654,42.015480850768085
DB4 LVL:2 THR:4.0 hard,F3-C3,8.623957144794021,1.6801459943144268e-05,1.5866157557672442,0.9452545135979151,33.04289152939113
DB4 LVL:2 THR:4.0 soft,FP1-F7,5.3215004114066105,3.127880628541938e-05,1.1343843442630015,0.9038302542983501,43.82467750211822
DB4 LVL:2 THR:4.0 soft,F7-T7,4.687577232340756,2.5100197249097664e-05,1.9656193101637651,0.8827595454129059,47.469242160427946
DB4 LVL:2 THR:4.0 soft,T7-P7,4.147356239562438,2.9478446058377993e-05,2.305278042038199,0.8716935285817556,49.540532376023414
DB4 LVL:2 THR:4.0 soft,P7-O1,5.0682952552440845,2.5201948920739387e-05,1.9542513195985898,0.8929638206049523,45.62631482226958
DB4 LVL:2 THR:4.0 soft,FP1-F3,5.93925776499108,2.9524204747098288e-05,1.1825329284300552,0.9105255877455162,42.053014815695704
DB4 LVL:2 THR:4.0 soft,F3-C3,8.6205620307487,1.6807909666350527e-05,1.5872248238181168,0.9452080267820937,33.05557599282587
DB4 LVL:3 THR:0.5 hard,FP1-F7,5.245208611847537,3.14836076624039e-05,1.1418118488044087,0.9024840474594628,44.11162433175219
DB4 LVL:3 THR:0.5 hard,F7-T7,4.699001726581587,2.505091855797781e-05,1.9617602509745684,0.8833460583132001,47.37604679232377
DB4 LVL:3 THR:0.5 hard,T7-P7,3.795824771192918,3.031927245555567e-05,2.371032479254502,0.863663007054916,50.95359829101446
DB4 LVL:3 THR:0.5 hard,P7-O1,4.6806257195691945,2.6073654547720836e-05,2.0218465630135993,0.8847633094337288,47.20447512622407
DB4 LVL:3 THR:0.5 hard,FP1-F3,5.7114560730730135,3.0139560311465954e-05,1.2071797639262405,0.9064794732032958,42.92950096957992
DB4 LVL:3 THR:0.5 hard,F3-C3,8.026638136917214,1.7842003052218905e-05,1.6848775792635118,0.9378795073369074,35.08929423493924
DB4 LVL:3 THR:0.5 soft,FP1-F7,5.229398002703709,3.1503334755495133e-05,1.1425272886890485,0.9024471423215341,44.13926392531241
DB4 LVL:3 THR:0.5 soft,F7-T7,4.6177451969900885,2.511836479418267e-05,1.9670420271680564,0.8830774531441401,47.503600440107675
DB4 LVL:3 THR:0.5 soft,T7-P7,3.73724757786619,3.0369147000772842e-05,2.3749327762280297,0.8635096762116758,51.03741585443614
DB4 LVL:3 THR:0.5 soft,P7-O1,4.66520512149601,2.609034080644101e-05,2.0231404765607466,0.8846728098571117,47.23468439678353
DB4 LVL:3 THR:0.5 soft,FP1-F3,5.696685956219203,3.0159216341806967e-05,1.2079670468799921,0.9064160626075813,42.95749817872506
DB4 LVL:3 THR:0.5 soft,F3-C3,8.010322127146319,1.7860619149306523e-05,1.686635557025567,0.9377785014845542,35.12590591504611
DB4 LVL:3 THR:1.0 hard,FP1-F7,5.241203277785772,3.149300702145426e-05,1.1421527341200288,0.9024275865944811,44.1247937562932
DB4 LVL:3 THR:1.0 hard,F7-T7,4.682719540690189,2.507858134437658e-05,1.963926548975287,0.883094846020543,47.428362377470926
DB4 LVL:3 THR:1.0 hard,T7-P7,3.7851294110545908,3.033960185318774e-05,2.3726222819827822,0.8634841890399885,50.98776322561046
DB4 LVL:3 THR:1.0 hard,P7-O1,4.676122780872945,2.6082187269657242e-05,2.0225082214891574,0.8846876221079357,47.21992300521889
DB4 LVL:3 THR:1.0 hard,FP1-F3,5.707298615113117,3.0149342734701455e-05,1.207571579309412,0.906419273846833,42.94343463494973
DB4 LVL:3 THR:1.0 hard,F3-C3,8.020458644153054,1.7852039173007995e-05,1.6858253223420678,0.937809172221785,35.109031951288415
DB4 LVL:3 THR:1.0 soft,FP1-F7,5.211586429429531,3.153732093923302e-05,1.1437598611344835,0.9022800791505828,44.18688190434427
DB4 LVL:3 THR:1.0 soft,F7-T7,4.529286648215146,2.5230949032461985e-05,1.9758586014198727,0.8822552629532352,47.71651862625939
DB4 LVL:3 THR:1.0 soft,T7-P7,3.6754861490445636,3.0451582151977046e-05,2.381379382795649,0.8629571004424977,51.17595372950141
DB4 LVL:3 THR:1.0 soft,P7-O1,4.648229868356424,2.6118291030159122e-05,2.025307839162583,0.8844443863403656,47.28528626534243
DB4 LVL:3 THR:1.0 soft,FP1-F3,5.679536513010563,3.0193598402846487e-05,1.2093441515192127,0.9062274444963115,43.00647051632651
DB4 LVL:3 THR:1.0 soft,F3-C3,7.988701642652616,1.789401682015951e-05,1.689789406212518,0.9375507480055886,35.19158804142465
DB4 LVL:3 THR:2.0 hard,FP1-F7,5.229171811485966,3.1523588103429246e-05,1.143261814188702,0.9022328129691897,44.16764085355741
DB4 LVL:3 THR:2.0 hard,F7-T7,4.637400470526865,2.515845565803475e-05,1.970181579234789,0.8823546627248414,47.5794198811156
DB4 LVL:3 THR:2.0 hard,T7-P7,3.754874245715823,3.039851945614603e-05,2.377229765569953,0.8629590011631914,51.086778262261056
DB4 LVL:3 THR:2.0 hard,P7-O1,4.663285794393798,2.6108673054074582e-05,2.0245620261100212,0.8844426618260208,47.26787361181447
DB4 LVL:3 THR:2.0 hard,FP1-F3,5.6941487245037585,3.0182760582213357e-05,1.2089100643056576,0.906204089689829,42.99103358803127
DB4 LVL:3 THR:2.0 hard,F3-C3,7.9993866948453825,1.7888280330364654e-05,1.6892476910804928,0.9375474138340922,35.18030627122775
DB4 LVL:3 THR:2.0 soft,FP1-F7,5.1789845750267105,3.160910579125399e-05,1.1463632728997777,0.9018712934825739,44.287459527436695
DB4 LVL:3 THR:2.0 soft,F7-T7,4.360649020277787,2.5493242867046743e-05,1.9963990705277495,0.8800145108741139,48.212566104593
DB4 LVL:3 THR:2.0 soft,T7-P7,3.5598727205516707,3.06429715235748e-05,2.3963464443208746,0.8614240275119549,51.49759657801821
DB4 LVL:3 THR:2.0 soft,P7-O1,4.618395910048285,2.6175398298867045e-05,2.0297361457027683,0.8839344364351717,47.38867486552182
DB4 LVL:3 THR:2.0 soft,FP1-F3,5.648412662362303,3.0264730459557038e-05,1.212193203679896,0.905797373243122,43.10778797636796
DB4 LVL:3 THR:2.0 soft,F3-C3,7.949099005221754,1.7961129193536402e-05,1.6961270429040343,0.9370684786237985,35.3235757901844
DB4 LVL:3 THR:3.0 hard,FP1-F7,5.215576291941277,3.155877153107788e-05,1.144537806921223,0.9020057943402315,44.21693628881317
DB4 LVL:3 THR:3.0 hard,F7-T7,4.580456872995473,2.5264885992133847e-05,1.9785162356447055,0.8813369844946275,47.7806998651901
DB4 LVL:3 THR:3.0 hard,T7-P7,3.7204187843343526,3.0468627293128354e-05,2.382712349585748,0.8623193551004146,51.20459924783668
DB4 LVL:3 THR:3.0 hard,P7-O1,4.649933686452814,2.6137218147688174e-05,2.02677551709986,0.8841741433948019,47.31955244950837
DB4 LVL:3 THR:3.0 hard,FP1-F3,5.679723820479827,3.022027782811121e-05,1.210412742499304,0.9059592097617616,43.04447154888749
DB4 LVL:3 THR:3.0 hard,F3-C3,7.976749512730148,1.7928025214427326e-05,1.6930009279705232,0.9372569882921709,35.25847125792386
DB4 LVL:3 THR:3.0 soft,FP1-F7,5.15042230755607,3.167761692228666e-05,1.1488479570575438,0.9014519235970464,44.38345034612123
DB4 LVL:3 THR:3.0 soft,F7-T7,4.203442372411301,2.5777643731571097e-05,2.018670761287328,0.8773239292298156,48.75042217698809
DB4 LVL:3 THR:3.0 soft,T7-P7,3.4525248940839486,3.085456530200869e-05,2.4128935340246382,0.8595238493090619,51.85319430560229
DB4 LVL:3 THR:3.0 soft,P7-O1,4.593308235483357,2.6228088363274777e-05,2.0338219260613584,0.8834412830174181,47.48406643520691
DB4 LVL:3 THR:3.0 soft,FP1-F3,5.622221923167308,3.032860187958702e-05,1.2147514455705082,0.9053944466621062,43.198763695979316
DB4 LVL:3 THR:3.0 soft,F3-C3,7.917711115835699,1.801667847649187e-05,1.7013727398766165,0.9366595898538937,35.43282278047239
DB4 LVL:3 THR:4.0 hard,FP1-F7,5.202099528167468,3.159396272452909e-05,1.145814081295082,0.9017771413632958,44.26624260472053
DB4 LVL:3 THR:4.0 hard,F7-T7,4.512169322181747,2.539801206190787e-05,1.988941459432277,0.8800333876404243,48.032466557748506
DB4 LVL:3 THR:4.0 hard,T7-P7,3.6796311265999595,3.055594915007816e-05,2.389541107079198,0.8615017098965856,51.351349564077545
DB4 LVL:3 THR:4.0 hard,P7-O1,4.636484001714002,2.6166480246073137e-05,2.0290446072628026,0.8838964671502202,47.37252937274044
DB4 LVL:3 THR:4.0 hard,FP1-F3,5.665921440657405,3.0256686019214078e-05,1.2118709997229113,0.9057195257302545,43.09632981951583
DB4 LVL:3 THR:4.0 hard,F3-C3,7.956839261921607,1.7963514884663094e-05,1.6963523313696087,0.9369953685002822,35.3282676522838
DB4 LVL:3 THR:4.0 soft,FP1-F7,5.125134433196493,3.1741359191374574e-05,1.1511596895278087,0.9010465110868964,44.47275952117543
DB4 LVL:3 THR:4.0 soft,F7-T7,4.059706460742784,2.6062086800081935e-05,2.040945757079532,0.8744671400903284,49.28835806514058
DB4 LVL:3 THR:4.0 soft,T7-P7,3.352729720085312,3.1074306740125746e-05,2.430077788283291,0.857417028629599,52.2224847291149
DB4 LVL:3 THR:4.0 soft,P7-O1,4.571752020371812,2.6275836926901204e-05,2.0375245243710904,0.882982933257802,47.570511773350496
DB4 LVL:3 THR:4.0 soft,FP1-F3,5.599645963320703,3.0385780892114733e-05,1.217041636473475,0.9050250744243846,43.28020703650523
DB4 LVL:3 THR:4.0 soft,F3-C3,7.892507133359513,1.8062238317744344e-05,1.7056751018264735,0.9363201161686322,35.52242385667031
DB4 LVL:4 THR:0.5 hard,FP1-F7,5.0963456376818295,3.190407870356077e-05,1.1570610166259652,0.8996074995353891,44.70074552805146
DB4 LVL:4 THR:0.5 hard,F7-T7,5.899328910561845,2.2525493823339075e-05,1.7639919396140051,0.9071362857471627,42.59998877585499
DB4 LVL:4 THR:0.5 hard,T7-P7,3.996734069728192,2.98384067141131e-05,2.3334277414497793,0.8682911895773623,50.14547072603768
DB4 LVL:4 THR:0.5 hard,P7-O1,4.039777375257141,2.753228444309027e-05,2.1349540614374964,0.8702518315402197,49.845219579147404
DB4 LVL:4 THR:0.5 hard,FP1-F3,5.452159472651646,3.0856614486641404e-05,1.235899933728496,0.9016049505850663,43.95084227616577
DB4 LVL:4 THR:0.5 hard,F3-C3,6.969764557428174,1.979042515210523e-05,1.8688733280273664,0.9226872724105288,38.921193386434275
DB4 LVL:4 THR:0.5 soft,FP1-F7,5.070627840448764,3.192737331517176e-05,1.1579058392344772,0.8996408456277896,44.73338356519628
DB4 LVL:4 THR:0.5 soft,F7-T7,5.773703346100614,2.2606314814397634e-05,1.7703211050430532,0.9071259535837435,42.75283662633721
DB4 LVL:4 THR:0.5 soft,T7-P7,3.9022422336211227,2.9891385136370308e-05,2.3375707683002958,0.8684282687567313,50.23450456580881
DB4 LVL:4 THR:0.5 soft,P7-O1,4.011379730111818,2.7551207200774422e-05,2.1364214012964498,0.8702356919363813,49.879477870127914
DB4 LVL:4 THR:0.5 soft,FP1-F3,5.42753881189477,3.087986811079362e-05,1.236831311101769,0.9015918209557231,43.983963744106006
DB4 LVL:4 THR:0.5 soft,F3-C3,6.94254720420099,1.981188086817505e-05,1.8708994601184372,0.9226091743049415,38.96338965397171
DB4 LVL:4 THR:1.0 hard,FP1-F7,5.091731845898792,3.1914587550801774e-05,1.1574421396035386,0.8995449384412154,44.715469454439635
DB4 LVL:4 THR:1.0 hard,F7-T7,5.8785089065933205,2.255868934146501e-05,1.7665915108760029,0.9068794679542008,42.66276780794476
DB4 LVL:4 THR:1.0 hard,T7-P7,3.9842447449232328,2.9860235145418455e-05,2.3351347718434683,0.8681116584390615,50.18215488861731
DB4 LVL:4 THR:1.0 hard,P7-O1,4.034874349807787,2.754092020642726e-05,2.1356237101202287,0.8701728116237711,49.86085400718244
DB4 LVL:4 THR:1.0 hard,FP1-F3,5.4474590922777155,3.086739356710961e-05,1.2363316682223133,0.9015379869180522,43.96619553748177
DB4 LVL:4 THR:1.0 hard,F3-C3,6.963912677259303,1.9799992196491008e-05,1.8697767747165213,0.9226132319351749,38.94000858528997
DB4 LVL:4 THR:1.0 soft,FP1-F7,5.040794266401615,3.1977126737436994e-05,1.1597102400410866,0.899435540616865,44.803092992899636
DB4 LVL:4 THR:1.0 soft,F7-T7,5.625016131947554,2.27777631243154e-05,1.7837473783637308,0.9061992411137152,43.07707795642378
DB4 LVL:4 THR:1.0 soft,T7-P7,3.7991156247110713,3.0004792790203148e-05,2.3464394913551736,0.8678822020874567,50.4250938368738
DB4 LVL:4 THR:1.0 soft,P7-O1,3.980030199508722,2.759110032908603e-05,2.1395148604130863,0.86995073157728,49.95170150796304
DB4 LVL:4 THR:1.0 soft,FP1-F3,5.398260533824216,3.093038408988856e-05,1.2388546275366519,0.9013454505369394,44.05591654471506
DB4 LVL:4 THR:1.0 soft,F3-C3,6.9069422386861365,1.985971968975647e-05,1.875417033490946,0.9222798685383842,39.057472727571145
DB4 LVL:4 THR:2.0 hard,FP1-F7,5.074499617304957,3.195859391006404e-05,1.159038112433819,0.8992597743243834,44.77712668282338
DB4 LVL:4 THR:2.0 hard,F7-T7,5.80734875222531,2.2682822431812635e-05,1.7763124862530537,0.9058652839058673,42.89752706769702
DB4 LVL:4 THR:2.0 hard,T7-P7,3.9422621548246077,2.9940388019781014e-05,2.341402899441115,0.8674187556323495,50.316857242314185
DB4 LVL:4 THR:2.0 hard,P7-O1,4.017505567113456,2.7576499838710306e-05,2.1383826849740646,0.8698221067786168,49.925268370885526
DB4 LVL:4 THR:2.0 hard,FP1-F3,5.429064203418194,3.091455117969336e-05,1.2382204720083632,0.9012252892676984,44.03336482443275
DB4 LVL:4 THR:2.0 hard,F3-C3,6.939357871497803,1.9844532179116725e-05,1.8739828281448958,0.9222515711345327,39.02760393828922
DB4 LVL:4 THR:2.0 soft,FP1-F7,4.981667985945013,3.21002991583817e-05,1.1641773179944348,0.8987617152359011,44.97566964354928
DB4 LVL:4 THR:2.0 soft,F7-T7,5.319482268738318,2.3223042243267452e-05,1.8186175917703735,0.9031000024879936,43.91918537561057
DB4 LVL:4 THR:2.0 soft,T7-P7,3.595099754614448,3.0303876006688136e-05,2.3698284437558397,0.8658329629442703,50.927723512130676
DB4 LVL:4 THR:2.0 soft,P7-O1,3.91974080334325,2.768925740882271e-05,2.147126319479472,0.8690969306510558,50.12940783679441
DB4 LVL:4 THR:2.0 soft,FP1-F3,5.339888448252072,3.105482392125727e-05,1.243838815915722,0.9006113978251234,44.23316331959137
DB4 LVL:4 THR:2.0 soft,F3-C3,6.83196036761525,1.99805698054024e-05,1.8868292975572223,0.9213500190200938,39.29514476774598
DB4 LVL:4 THR:3.0 hard,FP1-F7,5.050852815899848,3.2021264125692065e-05,1.1613109648825761,0.8988431366708897,44.8649338057623
DB4 LVL:4 THR:3.0 hard,F7-T7,5.710680596647501,2.286253948763695e-05,1.7903862925976133,0.9043384333793233,43.23740616739574
DB4 LVL:4 THR:3.0 hard,T7-P7,3.8888498707764088,3.005090305118125e-05,2.3500454131848034,0.8664219404687039,50.502585264757386
DB4 LVL:4 THR:3.0 hard,P7-O1,3.9946594115303196,2.7626227352609987e-05,2.142238738327892,0.8693184222800612,50.01529645608049
DB4 LVL:4 THR:3.0 hard,FP1-F3,5.403910783214556,3.098108004094103e-05,1.24088515238808,0.9007761429492782,44.12812568968499
DB4 LVL:4 THR:3.0 hard,F3-C3,6.904762706552128,1.990929767422891e-05,1.880098841593893,0.9217174669015797,39.15497615695837
DB4 LVL:4 THR:3.0 soft,FP1-F7,4.927101403238366,3.22286019183168e-05,1.1688304572756472,0.8979775211897003,45.155434402647806
DB4 LVL:4 THR:3.0 soft,F7-T7,5.0226593772881944,2.3724726476423572e-05,1.8579049410493444,0.8990961487376654,44.86796558300964
DB4 LVL:4 THR:3.0 soft,T7-P7,3.3994612863019036,3.065006081898453e-05,2.3969008425075775,0.8630398530800473,51.50951062084373
DB4 LVL:4 THR:3.0 soft,P7-O1,3.8651389796875595,2.779094353350558e-05,2.1550114336018495,0.8681367975446191,50.31350324752747
DB4 LVL:4 THR:3.0 soft,FP1-F3,5.286810530480187,3.1180670143188876e-05,1.248879334453898,0.899810778150815,44.41241329704959
DB4 LVL:4 THR:3.0 soft,F3-C3,6.761375126270859,2.010557142000821e-05,1.8986336009868685,0.9203372844006564,39.540981427559814
DB4 LVL:4 THR:4.0 hard,FP1-F7,5.0245561754777315,3.2091796064888896e-05,1.163868937423641,0.8983697511146979,44.96375597501948
DB4 LVL:4 THR:4.0 hard,F7-T7,5.596601495120085,2.308217306630041e-05,1.8075859982053768,0.9024240890205214,43.65277499612125
DB4 LVL:4 THR:4.0 hard,T7-P7,3.827058688406959,3.0184507755047667e-05,2.3604935891003973,0.8651870780868237,50.727117051282875
DB4 LVL:4 THR:4.0 hard,P7-O1,3.968815599682354,2.7683785076737234e-05,2.146701974829264,0.8687287295025179,50.119500573378815
DB4 LVL:4 THR:4.0 hard,FP1-F3,5.376669139451203,3.105412402459683e-05,1.2438107829558323,0.9002784874483326,44.23216641671514
DB4 LVL:4 THR:4.0 hard,F3-C3,6.86499689162522,1.998493300393722e-05,1.8872413283905134,0.9210877022954654,39.30372573013824
DB4 LVL:4 THR:4.0 soft,FP1-F7,4.878163676904544,3.2350514187327265e-05,1.173251833464914,0.8971959396007076,45.326245456758436
DB4 LVL:4 THR:4.0 soft,F7-T7,4.743950914518511,2.4239033906078858e-05,1.8981808243445433,0.8946296567235912,45.84061865345878
DB4 LVL:4 THR:4.0 soft,T7-P7,3.2135026315778936,3.1019053122935e-05,2.4257568362832855,0.8597756920520276,52.129627269603304
DB4 LVL:4 THR:4.0 soft,P7-O1,3.8164952884677037,2.788730833676764e-05,2.1624839129934244,0.86719399714279,50.4879647887856
DB4 LVL:4 THR:4.0 soft,FP1-F3,5.239793967688198,3.129784656793647e-05,1.2535726016184725,0.8990396399735048,44.57931438611094
DB4 LVL:4 THR:4.0 soft,F3-C3,6.698404608820422,2.0222245929928332e-05,1.9096515492105421,0.9193672416785655,39.77044143809352
DB4 LVL:5 THR:0.5 hard,FP1-F7,3.7360414395158448,3.579982549542384e-05,1.298347551974417,0.8707870285414167,50.15906913622883
DB4 LVL:5 THR:0.5 hard,F7-T7,4.116751139820884,2.6332485541002435e-05,2.062120928785261,0.8699530105684184,49.79973346132762
DB4 LVL:5 THR:0.5 hard,T7-P7,3.153353309900231,3.1924740526759035e-05,2.4965835440701007,0.8472633778301397,53.651696515141076
DB4 LVL:5 THR:0.5 hard,P7-O1,2.641767270016531,3.076084158626633e-05,2.3853081938617184,0.8343327461108637,55.690289938567716
DB4 LVL:5 THR:0.5 hard,FP1-F3,3.9120695528029548,3.522655431853105e-05,1.4109291272574254,0.8688230023747133,50.175197718363265
DB4 LVL:5 THR:0.5 hard,F3-C3,3.7229383829909097,2.6426286683915476e-05,2.495519018050037,0.8562973403032516,51.97172908640696
DB4 LVL:5 THR:0.5 soft,FP1-F7,3.700253769721063,3.582364082535352e-05,1.29921125940555,0.8709176591734235,50.19243675084465
DB4 LVL:5 THR:0.5 soft,F7-T7,3.9598699559237187,2.6412403301489065e-05,2.068379361405475,0.8701393003259551,49.950873131180025
DB4 LVL:5 THR:0.5 soft,T7-P7,3.028419597675312,3.1981422533214286e-05,2.5010161991904276,0.8476121404067364,53.74695447990534
DB4 LVL:5 THR:0.5 soft,P7-O1,2.5961423579258143,3.077995711720324e-05,2.3867904820639434,0.8344515291933272,55.72489723164911
DB4 LVL:5 THR:0.5 soft,FP1-F3,3.87712476153683,3.524998821237953e-05,1.4118677249725724,0.8688874933615112,50.20857595475069
DB4 LVL:5 THR:0.5 soft,F3-C3,3.681243533499573,2.6444618913726353e-05,2.4972501893146,0.8563066305087524,52.007782493859786
DB4 LVL:5 THR:1.0 hard,FP1-F7,3.7316676691434654,3.5809686786121316e-05,1.2987051901041897,0.8707198643813596,50.17288577234428
DB4 LVL:5 THR:1.0 hard,F7-T7,4.097345149664456,2.636338418321168e-05,2.064540629602015,0.869663198280582,49.85816866464108
DB4 LVL:5 THR:1.0 hard,T7-P7,3.1407097627846743,3.194644693220803e-05,2.4982810317787147,0.8470684035224175,53.68817560497449
DB4 LVL:5 THR:1.0 hard,P7-O1,2.637031893925517,3.076881681560654e-05,2.3859266223218043,0.8342489014448639,55.704728517337976
DB4 LVL:5 THR:1.0 hard,FP1-F3,3.907744252815638,3.52364304424146e-05,1.4113246956325125,0.8687510778847403,50.1892648469296
DB4 LVL:5 THR:1.0 hard,F3-C3,3.7185137296515163,2.6433550653710037e-05,2.4962049780180675,0.856217938304904,51.986014902449526
DB4 LVL:5 THR:1.0 soft,FP1-F7,3.661157150120067,3.587736577817261e-05,1.301159695187214,0.8707350104673762,50.26771068264462
DB4 LVL:5 THR:1.0 soft,F7-T7,3.7852611924372543,2.6589560780149177e-05,2.082252724930806,0.869154714475457,50.28591158412884
DB4 LVL:5 THR:1.0 soft,T7-P7,2.894696537358314,3.210901840488245e-05,2.5109944714721086,0.8471114567185936,53.96138801547588
DB4 LVL:5 THR:1.0 soft,P7-O1,2.5484136565640156,3.082314432306099e-05,2.390139376004754,0.8342147012439166,55.80308455981792
DB4 LVL:5 THR:1.0 soft,FP1-F3,3.8385824474171937,3.530374414203105e-05,1.4140208111422363,0.8686444164339432,50.28514360239543
DB4 LVL:5 THR:1.0 soft,F3-C3,3.635621544725391,2.6488098499655343e-05,2.5013561060815133,0.8559713817943018,52.093292398740445
DB4 LVL:5 THR:2.0 hard,FP1-F7,3.7149283902767936,3.5853176925243326e-05,1.3002824412466933,0.8703942128639824,50.23381972564649
DB4 LVL:5 THR:2.0 hard,F7-T7,4.02813697718225,2.6487650167760303e-05,2.0742720120449984,0.8684233418705548,50.09317925257798
DB4 LVL:5 THR:2.0 hard,T7-P7,3.095796476782158,3.2032837069273747e-05,2.50503692676829,0.8462440995477418,53.8333601026172
DB4 LVL:5 THR:2.0 hard,P7-O1,2.62004144937982,3.080326886818219e-05,2.388598160519925,0.8338547817851231,55.76710147912889
DB4 LVL:5 THR:2.0 hard,FP1-F3,3.890541900078844,3.5281647093127566e-05,1.4131357580756647,0.8683971006776733,50.25366951078547
DB4 LVL:5 THR:2.0 hard,F3-C3,3.7005107198181495,2.6468879046642106e-05,2.4995411514840424,0.8558078938592071,52.05549411791724
DB4 LVL:5 THR:2.0 soft,FP1-F7,3.5835733741401676,3.60206304449498e-05,1.3063554559715331,0.8699360649611935,50.46843854168333
DB4 LVL:5 THR:2.0 soft,F7-T7,3.43242671627747,2.707199151898744e-05,2.120032315531878,0.8653562595348042,51.1982797755131
DB4 LVL:5 THR:2.0 soft,T7-P7,2.628482276323961,3.246326676906216e-05,2.538697457367437,0.844747795367294,54.55672647124265
DB4 LVL:5 THR:2.0 soft,P7-O1,2.4556317250059094,3.093922069213865e-05,2.399140362323616,0.8332469360585386,56.013232472410714
DB4 LVL:5 THR:2.0 soft,FP1-F3,3.761783377870087,3.5447022024876295e-05,1.4197595199688269,0.8677466916572323,50.48922249229829
DB4 LVL:5 THR:2.0 soft,F3-C3,3.543904381022706,2.660792043663129e-05,2.5126712759379375,0.8548102342869603,52.3289423529549
DB4 LVL:5 THR:3.0 hard,FP1-F7,3.6903177416009303,3.592014261909916e-05,1.3027110772380925,0.8698784844328539,50.32764523516746
DB4 LVL:5 THR:3.0 hard,F7-T7,3.9270468264986604,2.668434371267865e-05,2.0896752627142723,0.8663779983194357,50.46516411877092
DB4 LVL:5 THR:3.0 hard,T7-P7,3.0335749955368825,3.2164536416688994e-05,2.5153360997011474,0.8449271980698455,54.054689808111355
DB4 LVL:5 THR:3.0 hard,P7-O1,2.596389550487191,3.0854791251887544e-05,2.3925933946449414,0.8332481143704948,55.860379046936345
DB4 LVL:5 THR:3.0 hard,FP1-F3,3.8653816987009915,3.5350574555480916e-05,1.4158965096218674,0.8678464459938416,50.35184684089082
DB4 LVL:5 THR:3.0 hard,F3-C3,3.6741820488382118,2.6523459269061045e-05,2.5046953369617455,0.8551630341219957,52.16283528797878
DB4 LVL:5 THR:3.0 soft,FP1-F7,3.5101758826397877,3.6181882943677933e-05,1.3122035790859932,0.8688661525392103,50.69436911872282
DB4 LVL:5 THR:3.0 soft,F7-T7,3.0929327933350077,2.763224707420028e-05,2.1639064383933015,0.8601163589892443,52.2578294817641
DB4 LVL:5 THR:3.0 soft,T7-P7,2.371538857759878,3.288689577734729e-05,2.571826159227641,0.8412468883548577,55.26866381552499
DB4 LVL:5 THR:3.0 soft,P7-O1,2.368194520640748,3.107207759092553e-05,2.409442572307002,0.831953571185248,56.253760326404254
DB4 LVL:5 THR:3.0 soft,FP1-F3,3.6894076553049624,3.560608552145678e-05,1.4261304899586666,0.8666184734011813,50.715785735428256
DB4 LVL:5 THR:3.0 soft,F3-C3,3.4559053320104374,2.6745727382822806e-05,2.525684827904345,0.8533409716965162,52.59996284703171
DB4 LVL:5 THR:4.0 hard,FP1-F7,3.660961395988262,3.600132602912893e-05,1.3056553452677386,0.8692461659343901,50.44139116046307
DB4 LVL:5 THR:4.0 hard,F7-T7,3.8015048219974847,2.6938218298508805e-05,2.109556412783143,0.8636694162629567,50.945289198010414
DB4 LVL:5 THR:4.0 hard,T7-P7,2.957259284811738,3.23341338897512e-05,2.5285989877740533,0.8431867256191167,54.33970988985145
DB4 LVL:5 THR:4.0 hard,P7-O1,2.568078559125187,3.0918491459548145e-05,2.397532941791511,0.8324874689614754,55.975703688618104
DB4 LVL:5 THR:4.0 hard,FP1-F3,3.8359181212559443,3.543269601997796e-05,1.4191857205161322,0.8671838112644011,50.468817143487044
DB4 LVL:5 THR:4.0 hard,F3-C3,3.6424303111763305,2.659082818056563e-05,2.5110571993715465,0.854359636740113,52.295327562033066
DB4 LVL:5 THR:4.0 soft,FP1-F7,3.4424561358917725,3.6344592742739985e-05,1.3181045539195568,0.8677028841838881,50.922341516558625
DB4 LVL:5 THR:4.0 soft,F7-T7,2.7775093720342765,2.821107681517599e-05,2.209235122660906,0.8541290572251875,53.3525065024804
DB4 LVL:5 THR:4.0 soft,T7-P7,2.1276018429680352,3.334211951040101e-05,2.6074256366880606,0.8370349229940881,56.03369824240831
DB4 LVL:5 THR:4.0 soft,P7-O1,2.286575529585762,3.12095302757215e-05,2.420101156351026,0.8305189839535563,56.50260852022415
DB4 LVL:5 THR:4.0 soft,FP1-F3,3.6226816595471028,3.5765793444415646e-05,1.4325272711572725,0.8654191874368902,50.94326687193653
DB4 LVL:5 THR:4.0 soft,F3-C3,3.3731769885315996,2.6888522516057542e-05,2.5391694303736423,0.8517438567880051,52.88079344832274
DB6 LVL:2 THR:0.5 hard,FP1-F7,5.348504020165068,3.119790425805277e-05,1.1314502811013072,0.9043937407319476,43.711325821550346
DB6 LVL:2 THR:0.5 hard,F7-T7,4.682815057499219,2.50895614329576e-05,1.964786409713749,0.8829429641449954,47.4491278112491
DB6 LVL:2 THR:0.5 hard,T7-P7,4.1188934237022305,2.9533210968511242e-05,2.3095607760925776,0.8712258014037394,49.632568530105395
DB6 LVL:2 THR:0.5 hard,P7-O1,5.168710372132468,2.497117142320419e-05,1.9363559881498114,0.8951016515317726,45.208508771255346
DB6 LVL:2 THR:0.5 hard,FP1-F3,5.940165263835768,2.951995991373968e-05,1.1823629101259125,0.9105590868812985,42.04696865656462
DB6 LVL:2 THR:0.5 hard,F3-C3,8.667014213335252,1.6729577750286027e-05,1.5798276897221548,0.945740606308736,32.90152312988613
DB6 LVL:2 THR:0.5 soft,FP1-F7,5.345320523080625,3.120896035953714e-05,1.1318512512763839,0.9043112739861727,43.726816504844386
DB6 LVL:2 THR:0.5 soft,F7-T7,4.665864261792749,2.5136602070919878e-05,1.96847020492155,0.8824295637573893,47.53809059559108
DB6 LVL:2 THR:0.5 soft,T7-P7,4.107826040710971,2.9569106242051443e-05,2.3123678638794067,0.8708547831927488,49.69289297724358
DB6 LVL:2 THR:0.5 soft,P7-O1,5.166445708308265,2.4977451269034864e-05,1.9368429503700773,0.8950397136107769,45.21987798019259
DB6 LVL:2 THR:0.5 soft,FP1-F3,5.93728524230722,2.9529459545731107e-05,1.1827433988718097,0.9104916141589805,42.060499526178255
DB6 LVL:2 THR:0.5 soft,F3-C3,8.663744643986337,1.673579049270819e-05,1.5804143789174319,0.9456959648786413,32.91374153082571
DB6 LVL:2 THR:1.0 hard,FP1-F7,5.347206643447562,3.120244294131232e-05,1.131614884928775,0.9043597857604249,43.71768496225153
DB6 LVL:2 THR:1.0 hard,F7-T7,4.6756020975674195,2.51096682291419e-05,1.966360991238076,0.8827233625853886,47.487153583224945
DB6 LVL:2 THR:1.0 hard,T7-P7,4.114476804084174,2.9547609187240112e-05,2.310686747842052,0.8710768352988235,49.65676571538721
DB6 LVL:2 THR:1.0 hard,P7-O1,5.167226574883001,2.497529868303471e-05,1.9366760309764788,0.8950609071088141,45.21598087815363
DB6 LVL:2 THR:1.0 hard,FP1-F3,5.938904046370483,2.9524134241093587e-05,1.1825301044531544,0.9105294015831311,42.05291438995737
DB6 LVL:2 THR:1.0 hard,F3-C3,8.664885126487516,1.6733633463848116e-05,1.5802106837631644,0.9457114337582246,32.90949937146036
DB6 LVL:2 THR:1.0 soft,FP1-F7,5.3426035523038875,3.121843449019923e-05,1.1321948483241904,0.904240471251286,43.74009069175198
DB6 LVL:2 THR:1.0 soft,F7-T7,4.651341471563555,2.5177208898365108e-05,1.9716501625672493,0.8819848697897187,47.61488582178929
DB6 LVL:2 THR:1.0 soft,T7-P7,4.098200795608866,2.9600565957385314e-05,2.314828081450724,0.8705286653572512,49.74576316731234
DB6 LVL:2 THR:1.0 soft,P7-O1,5.164732107618406,2.4982234285977238e-05,1.9372138430022576,0.8949924333607628,45.22853728814927
DB6 LVL:2 THR:1.0 soft,FP1-F3,5.934883849306071,2.9537410998062012e-05,1.183061878380087,0.9104350440043306,42.071825234882084
DB6 LVL:2 THR:1.0 soft,F3-C3,8.661305526296443,1.674043689120927e-05,1.5808531532319463,0.945662535183931,32.92287945349393
DB6 LVL:2 THR:2.0 hard,FP1-F7,5.344783826686382,3.121092621154925e-05,1.1319225465721612,0.904296288700296,43.72957085645429
DB6 LVL:2 THR:2.0 hard,F7-T7,4.6591915293628965,2.5155471410464208e-05,1.9699478800892103,0.8822224020213796,47.57377610193782
DB6 LVL:2 THR:2.0 hard,T7-P7,4.103131206017667,2.9584637990642168e-05,2.313582480108151,0.8706933356917874,49.71899513650907
DB6 LVL:2 THR:2.0 hard,P7-O1,5.165062598471154,2.498132290942601e-05,1.9371431715302423,0.8950014088904842,45.226887306491946
DB6 LVL:2 THR:2.0 hard,FP1-F3,5.936605805098316,2.9531759759829803e-05,1.182835529343653,0.9104751157029485,42.06377585278553
DB6 LVL:2 THR:2.0 hard,F3-C3,8.661887920098291,1.673934405939514e-05,1.5807499536183074,0.9456703465621302,32.9207302162719
DB6 LVL:2 THR:2.0 soft,FP1-F7,5.338909855975432,3.123133304665717e-05,1.132662638570914,0.9041439957228204,43.758162835293966
DB6 LVL:2 THR:2.0 soft,F7-T7,4.633396289963777,2.5227653343778778e-05,1.9756005130370717,0.8814308596333754,47.71028585276219
DB6 LVL:2 THR:2.0 soft,T7-P7,4.086201599734687,2.9640033138877487e-05,2.317914500141006,0.8701184871929483,49.81209044856154
DB6 LVL:2 THR:2.0 soft,P7-O1,5.163131187136123,2.4986726881801387e-05,1.9375622153184378,0.8949479430661225,45.23667080957202
DB6 LVL:2 THR:2.0 soft,FP1-F3,5.93171671559797,2.9547916581554108e-05,1.183482658499931,0.9103602366428651,42.086788938799764
DB6 LVL:2 THR:2.0 soft,F3-C3,8.658939012099548,1.6744950976923057e-05,1.5812794328255417,0.9456300333950541,32.93175716085386
DB6 LVL:2 THR:3.0 hard,FP1-F7,5.342490146773532,3.121892492902582e-05,1.1322126350044626,0.9042365088263138,43.740777844682746
DB6 LVL:2 THR:3.0 hard,F7-T7,4.645869840548319,2.519267470124857e-05,1.9728613036787406,0.88181487791291,47.64413459362142
DB6 LVL:2 THR:3.0 hard,T7-P7,4.0940593920190524,2.9614154120323e-05,2.315890705090717,0.8703875841598516,49.76859899877415
DB6 LVL:2 THR:3.0 hard,P7-O1,5.163760897311832,2.4984948403321317e-05,1.9374243055906035,0.8949655910722487,45.23345100227491
DB6 LVL:2 THR:3.0 hard,FP1-F3,5.934466346266234,2.9538855689995332e-05,1.1831197426239244,0.9104245985339748,42.073882992298294
DB6 LVL:2 THR:3.0 hard,F3-C3,8.659992255623346,1.6742956792997827e-05,1.5810911156408223,0.9456443460426956,32.92783526339055
DB6 LVL:2 THR:3.0 soft,FP1-F7,5.336430698783426,3.12400031463778e-05,1.1329770759345568,0.904079092364208,43.77031049593999
DB6 LVL:2 THR:3.0 soft,F7-T7,4.623386151119694,2.525595422218655e-05,1.9778167806042486,0.8811191932021489,47.76380819113903
DB6 LVL:2 THR:3.0 soft,T7-P7,4.079748455575643,2.966139287747504e-05,2.3195848777543677,0.8698959649972822,49.84798694118669
DB6 LVL:2 THR:3.0 soft,P7-O1,5.162459388428604,2.4988627027258202e-05,1.9377095595487626,0.8949290783672733,45.24011088617456
DB6 LVL:2 THR:3.0 soft,FP1-F3,5.929722787196241,2.9554538944282935e-05,1.1837479039843706,0.9103130487897636,42.09622154910497
DB6 LVL:2 THR:3.0 soft,F3-C3,8.657872399960432,1.6746984936843282e-05,1.5814715061850564,0.9456153887677473,32.93575728448875
DB6 LVL:2 THR:4.0 hard,FP1-F7,5.340361973288859,3.122634091061539e-05,1.132481589431169,0.9041810923857346,43.751168362740216
DB6 LVL:2 THR:4.0 hard,F7-T7,4.63485516798848,2.5223642664106816e-05,1.9752864330586615,0.8814746920956579,47.70270089545342
DB6 LVL:2 THR:4.0 hard,T7-P7,4.086929823120384,2.963750847508742e-05,2.3177170659890414,0.8701450691682606,49.80784757945024
DB6 LVL:2 THR:4.0 hard,P7-O1,5.1629716241232515,2.4987138203509627e-05,1.937594110708498,0.8949439812726983,45.237415477923356
DB6 LVL:2 THR:4.0 hard,FP1-F3,5.932520030974608,2.954528054788305e-05,1.1833770774472598,0.9103789332031167,42.08303428515293
DB6 LVL:2 THR:4.0 hard,F3-C3,8.658944831638886,1.674494920521882e-05,1.5812792655178278,0.9456300170785978,32.93175367650006
DB6 LVL:2 THR:4.0 soft,FP1-F7,5.334705250762999,3.124604610166606e-05,1.133196234997391,0.9040338212346818,43.778777269391995
DB6 LVL:2 THR:4.0 soft,F7-T7,4.617498903661814,2.52726942821351e-05,1.9791277099472184,0.8809344453373473,47.79546682519643
DB6 LVL:2 THR:4.0 soft,T7-P7,4.076034963261724,2.9673800754097147e-05,2.3205552004595953,0.869766348326702,49.8688392212661
DB6 LVL:2 THR:4.0 soft,P7-O1,5.162147903131899,2.4989522168639722e-05,1.9377789720863232,0.8949201480674478,45.241731475225514
DB6 LVL:2 THR:4.0 soft,FP1-F3,5.928423941150081,2.9558857433756263e-05,1.1839208724367654,0.9102822607585153,42.1023726208564
DB6 LVL:2 THR:4.0 soft,F3-C3,8.65731837899628,1.6748040722929867e-05,1.5815712074518131,0.9456077887880752,32.93783366506849
DB6 LVL:3 THR:0.5 hard,FP1-F7,5.251660909981708,3.14688193477656e-05,1.1412755229468727,0.9025712404564672,44.09090445152692
DB6 LVL:3 THR:0.5 hard,F7-T7,4.764463641226956,2.491970657032232e-05,1.9514849207012228,0.8846268035534746,47.12789999273663
DB6 LVL:3 THR:0.5 hard,T7-P7,3.883791344548611,3.0116817683058078e-05,2.3552000795201242,0.8655942050828875,50.613359284123284
DB6 LVL:3 THR:0.5 hard,P7-O1,4.66190350910749,2.6100245380244882e-05,2.023908513448971,0.8845685288032604,47.25261591485688
DB6 LVL:3 THR:0.5 hard,FP1-F3,5.741367212191896,3.0061978585657456e-05,1.2040723831788553,0.906983495097325,42.81899687665689
DB6 LVL:3 THR:0.5 hard,F3-C3,8.043382227590781,1.7814649188831275e-05,1.682294466201981,0.938071648222236,35.035498270547706
DB6 LVL:3 THR:0.5 soft,FP1-F7,5.241766598970825,3.147839822085827e-05,1.1416229186746016,0.9025775833762063,44.10432539285984
DB6 LVL:3 THR:0.5 soft,F7-T7,4.712507127136433,2.4952140029663254e-05,1.9540248144456132,0.884600462227122,47.189237826869004
DB6 LVL:3 THR:0.5 soft,T7-P7,3.846260374487037,3.0140098806904993e-05,2.357020713602802,0.8656100091983919,50.652484795264684
DB6 LVL:3 THR:0.5 soft,P7-O1,4.652219800430711,2.610835793900365e-05,2.0245375909345857,0.8845438879851152,47.267303118656315
DB6 LVL:3 THR:0.5 soft,FP1-F3,5.732208496271075,3.0071343001183334e-05,1.2044474560998608,0.9069722648699328,42.832335149718716
DB6 LVL:3 THR:0.5 soft,F3-C3,8.034146828158153,1.7823290491896666e-05,1.6831104921687903,0.9380348167190676,35.05249284368769
DB6 LVL:3 THR:1.0 hard,FP1-F7,5.250003301337615,3.147236077310257e-05,1.1414039593527245,0.9025516014785432,44.095866336001485
DB6 LVL:3 THR:1.0 hard,F7-T7,4.756932630319454,2.4931364064437098e-05,1.9523978296840776,0.8845268464663973,47.14994652908956
DB6 LVL:3 THR:1.0 hard,T7-P7,3.878802605584848,3.0125412001204326e-05,2.3558721737298933,0.8655232035954746,50.627802619960285
DB6 LVL:3 THR:1.0 hard,P7-O1,4.660017519467315,2.6103445925299433e-05,2.0241566954215626,0.8845418511357923,47.25841027134578
DB6 LVL:3 THR:1.0 hard,FP1-F3,5.7397037672810995,3.0065591840318562e-05,1.2042171048623747,0.9069624543682376,42.82414344209694
DB6 LVL:3 THR:1.0 hard,F3-C3,8.041149361132856,1.7818039729891036e-05,1.6826146458699502,0.9380487914852521,35.042166338730034
DB6 LVL:3 THR:1.0 soft,FP1-F7,5.230500896707149,3.1496739263739686e-05,1.1422880908589963,0.9025056646676144,44.130022994040516
DB6 LVL:3 THR:1.0 soft,F7-T7,4.6557424485341246,2.501135403265114e-05,1.9586619169571988,0.8842548710721134,47.30122275747434
DB6 LVL:3 THR:1.0 soft,T7-P7,3.8064895952320117,3.018257707281664e-05,2.3603426055870695,0.8653969360192237,50.72387240855698
DB6 LVL:3 THR:1.0 soft,P7-O1,4.641343106383868,2.612374650463684e-05,2.0257308766122124,0.8844316941643986,47.295163009272365
DB6 LVL:3 THR:1.0 soft,FP1-F3,5.7214126321930125,3.008986830791013e-05,1.2051894501823892,0.9068848700366715,42.8587218044964
DB6 LVL:3 THR:1.0 soft,F3-C3,8.021488271442069,1.784100001247742e-05,1.684782859003315,0.9379215202510613,35.08732158890195
DB6 LVL:3 THR:2.0 hard,FP1-F7,5.243790601190305,3.148760754155197e-05,1.1419569118941926,0.9024569166909362,44.117228555011614
DB6 LVL:3 THR:2.0 hard,F7-T7,4.734266435921877,2.496974052357761e-05,1.9554031251562083,0.8841808237707585,47.22252370504248
DB6 LVL:3 THR:2.0 hard,T7-P7,3.8634533036317076,3.0153973122310727e-05,2.358105714982787,0.8652767230539867,50.67580152540005
DB6 LVL:3 THR:2.0 hard,P7-O1,4.6533776306098575,2.6116657194169092e-05,2.0251811455425948,0.8844216895041536,47.28232832286412
DB6 LVL:3 THR:2.0 hard,FP1-F3,5.7329929692191275,3.008206506687695e-05,1.204876906980997,0.9068587316259649,42.847607201627675
DB6 LVL:3 THR:2.0 hard,F3-C3,8.0311686074697,1.7834767844615922e-05,1.684194335401491,0.9379297399054004,35.07506498457487
DB6 LVL:3 THR:2.0 soft,FP1-F7,5.208278802009976,3.154112417841541e-05,1.1438977927085539,0.9022760889209388,44.1922106157123
DB6 LVL:3 THR:2.0 soft,F7-T7,4.543236035682209,2.516049527723817e-05,1.970341303672483,0.883138471954274,47.58327718856706
DB6 LVL:3 THR:2.0 soft,T7-P7,3.72938775106375,3.028872939922177e-05,2.368643946393447,0.8646737653653822,50.90226860870434
DB6 LVL:3 THR:2.0 soft,P7-O1,4.620533986962485,2.6160054331018133e-05,2.028546318300494,0.8841240505268496,47.36089571598466
DB6 LVL:3 THR:2.0 soft,FP1-F3,5.699901435436847,3.0134685124614793e-05,1.2069844980746067,0.906632047016155,42.922556961887345
DB6 LVL:3 THR:2.0 soft,F3-C3,7.9947370228384695,1.7884025202256826e-05,1.6888458656842753,0.9376215687999822,35.17193784747253
DB6 LVL:3 THR:3.0 hard,FP1-F7,5.2359275440599005,3.150760058679879e-05,1.1426819970306001,0.9023295849841972,44.145240773644
DB6 LVL:3 THR:3.0 hard,F7-T7,4.7069433249096235,2.5018655039507086e-05,1.959233665454522,0.8837266819714455,47.31503034866657
DB6 LVL:3 THR:3.0 hard,T7-P7,3.8466331827196476,3.0186858830641527e-05,2.3606774482811343,0.8649854105190958,50.73106819363093
DB6 LVL:3 THR:3.0 hard,P7-O1,4.645503107478401,2.613323104142527e-05,2.0264663422935714,0.8842668733133839,47.31233408055789
DB6 LVL:3 THR:3.0 hard,FP1-F3,5.724184964078768,3.010458604027014e-05,1.2057789394945184,0.9067135770089488,42.879685113154174
DB6 LVL:3 THR:3.0 hard,F3-C3,8.017461234550188,1.785857300367201e-05,1.6864423329299647,0.9377571768543832,35.12188182615839
DB6 LVL:3 THR:3.0 soft,FP1-F7,5.187662162360405,3.1587118359037145e-05,1.1455658575940357,0.9020112430450041,44.256652976917785
DB6 LVL:3 THR:3.0 soft,F7-T7,4.432760113286951,2.5335080601125235e-05,1.9840132394145795,0.8816431495644013,47.913451208117834
DB6 LVL:3 THR:3.0 soft,T7-P7,3.654870243432835,3.0413183017294033e-05,2.3783764876687243,0.8636815770742379,51.11142137351467
DB6 LVL:3 THR:3.0 soft,P7-O1,4.6017063321692495,2.619701714712016e-05,2.0314125502879743,0.8837894964988953,47.42781423444896
DB6 LVL:3 THR:3.0 soft,FP1-F3,5.68034389395407,3.017940923551198e-05,1.2087758328212566,0.9063622306592095,42.98626007309013
DB6 LVL:3 THR:3.0 soft,F3-C3,7.970586355909193,1.7925391924588404e-05,1.6927522579643406,0.9373230140786029,35.25329245139113
DB6 LVL:3 THR:4.0 hard,FP1-F7,5.227273939213626,3.153006116693064e-05,1.1434965719294037,0.9021844716999031,44.1767102508295
DB6 LVL:3 THR:4.0 hard,F7-T7,4.67377022812579,2.5080374282313964e-05,1.9640669555783374,0.8831419736596222,47.43175316377764
DB6 LVL:3 THR:4.0 hard,T7-P7,3.826871981285792,3.0227107435731204e-05,2.3638249759816157,0.8646213719280847,50.798708710352415
DB6 LVL:3 THR:4.0 hard,P7-O1,4.637082388915027,2.6151287910789665e-05,2.027866538004394,0.8840966916393878,47.34502474305052
DB6 LVL:3 THR:4.0 hard,FP1-F3,5.714715649466448,3.012925318831364e-05,1.206766932738088,0.9065528809644595,42.91481994408425
DB6 LVL:3 THR:4.0 hard,F3-C3,8.003532121069343,1.7883070384334355e-05,1.688755699165127,0.9375783298690443,35.170060037737585
DB6 LVL:3 THR:4.0 soft,FP1-F7,5.168657478690414,3.163217230650771e-05,1.1471998231677694,0.9017382104909378,44.31977797919818
DB6 LVL:3 THR:4.0 soft,F7-T7,4.325214199714517,2.5524669478555392e-05,1.9988601171012632,0.8798936106003561,48.27199979816844
DB6 LVL:3 THR:4.0 soft,T7-P7,3.582159883313804,3.0551537532485746e-05,2.3891961090713134,0.8624780989451555,51.34393554083715
DB6 LVL:3 THR:4.0 soft,P7-O1,4.584604574870281,2.6232948682596143e-05,2.0341988130028135,0.883453051589048,47.492865693557555
DB6 LVL:3 THR:4.0 soft,FP1-F3,5.662822062173001,3.022126298775927e-05,1.2104522010972094,0.9061023241488686,43.04587476816572
DB6 LVL:3 THR:4.0 soft,F3-C3,7.949726237274922,1.7962146836645926e-05,1.6962231422071175,0.937053587985138,35.32557715619648
DB6 LVL:4 THR:0.5 hard,FP1-F7,5.1516000008508875,3.1749263123708006e-05,1.151446340399819,0.9006662084666417,44.483833706115554
DB6 LVL:4 THR:0.5 hard,F7-T7,5.930257410844892,2.246168234324278e-05,1.7589948044822519,0.9076982940540069,42.47930914249413
DB6 LVL:4 THR:0.5 hard,T7-P7,4.070519716026616,2.9660542658196994e-05,2.3195183887736155,0.8699840953724437,49.846558089896924
DB6 LVL:4 THR:0.5 hard,P7-O1,3.9754451511329147,2.766098773741635e-05,2.144934185735203,0.8689946165343029,50.07822763118549
DB6 LVL:4 THR:0.5 hard,FP1-F3,5.496427321993571,3.073605147863498e-05,1.2310710237497373,0.9024266266789499,43.77911748271753
DB6 LVL:4 THR:0.5 hard,F3-C3,7.0117175315316125,1.9712317375960077e-05,1.8614973601829528,0.9233261714072378,38.76758133227351
DB6 LVL:4 THR:0.5 soft,FP1-F7,5.134807287103769,3.176168131702046e-05,1.1518967093796686,0.9007180166144977,44.5012328137449
DB6 LVL:4 THR:0.5 soft,F7-T7,5.847220723644764,2.250616818695613e-05,1.7624785314252753,0.9077972833984226,42.56344032548776
DB6 LVL:4 THR:0.5 soft,T7-P7,4.007598582052885,2.9689359739023086e-05,2.3217719466284787,0.8701547323511188,49.8949871530443
DB6 LVL:4 THR:0.5 soft,P7-O1,3.956531498697728,2.7671234557823536e-05,2.1457287616771437,0.8690177443030869,50.09677876210381
DB6 LVL:4 THR:0.5 soft,FP1-F3,5.480477271372375,3.074819936387906e-05,1.231557582979189,0.9024475550483805,43.79642041102754
DB6 LVL:4 THR:0.5 soft,F3-C3,6.9949809297566725,1.9722921693433044e-05,1.8624987598969478,0.923307885136134,38.78843650278775
DB6 LVL:4 THR:1.0 hard,FP1-F7,5.149664781608763,3.175345721086236e-05,1.1515984468057656,0.9006424059323688,44.48971003385257
DB6 LVL:4 THR:1.0 hard,F7-T7,5.920597375523498,2.2476809486987687e-05,1.7601794248881204,0.9075829610967463,42.50791744554834
DB6 LVL:4 THR:1.0 hard,T7-P7,4.064685309498467,2.967056877889444e-05,2.3203024530300853,0.8699031132848294,49.8634076672469
DB6 LVL:4 THR:1.0 hard,P7-O1,3.9733637606468397,2.766445305156147e-05,2.145202898871724,0.8689637668538902,50.08450133305834
DB6 LVL:4 THR:1.0 hard,FP1-F3,5.494519324352951,3.074023668077106e-05,1.2312386536446132,0.9024014801709621,43.78507870568503
DB6 LVL:4 THR:1.0 hard,F3-C3,7.009532509671571,1.9715726224382066e-05,1.8618192686738606,0.9233005048878831,38.77428540495701
DB6 LVL:4 THR:1.0 soft,FP1-F7,5.115508949034968,3.178915775391701e-05,1.1528931936945481,0.9006365793886023,44.53972999854507
DB6 LVL:4 THR:1.0 soft,F7-T7,5.750629948488472,2.2601732481687845e-05,1.7699622583945362,0.907389385854774,42.744170564516985
DB6 LVL:4 THR:1.0 soft,T7-P7,3.9394864958527287,2.9751915492530207e-05,2.3266639414330057,0.8699511805785312,50.00011634899272
DB6 LVL:4 THR:1.0 soft,P7-O1,3.935775912893207,2.7693611205060516e-05,2.1474639287679342,0.8688857858127702,50.13729007155501
DB6 LVL:4 THR:1.0 soft,FP1-F3,5.461706877412875,3.077590062838699e-05,1.232667101684955,0.9023376072811305,43.8358769077137
DB6 LVL:4 THR:1.0 soft,F3-C3,6.97347200577836,1.9747988373646076e-05,1.8648658869147998,0.9231538122527101,38.837734337504735
DB6 LVL:4 THR:2.0 hard,FP1-F7,5.14118834030564,3.177487679499483e-05,1.1523752680398873,0.9005053564372918,44.51972097347313
DB6 LVL:4 THR:2.0 hard,F7-T7,5.884635535009261,2.2540113709110173e-05,1.7651368361858872,0.9070656093206726,42.62763775769919
DB6 LVL:4 THR:2.0 hard,T7-P7,4.04335224717729,2.9712274636839657e-05,2.3235639410459417,0.8695412646117809,49.93349719644777
DB6 LVL:4 THR:2.0 hard,P7-O1,3.9648354961823165,2.768184309302737e-05,2.146551386307735,0.8687918664455673,50.115984751630094
DB6 LVL:4 THR:2.0 hard,FP1-F3,5.485633008232444,3.0762631333459864e-05,1.2321356266351513,0.902255025682403,43.81697669140155
DB6 LVL:4 THR:2.0 hard,F3-C3,6.998505604506471,1.9735375251941204e-05,1.8636747893736287,0.923142880776919,38.812928516239715
DB6 LVL:4 THR:2.0 soft,FP1-F7,5.075334247608442,3.186427488416239e-05,1.1556174567549335,0.9002744343973912,44.64497647048038
DB6 LVL:4 THR:2.0 soft,F7-T7,5.546172247209844,2.2865077311426567e-05,1.7905850318902634,0.905774684871179,43.242205674381054
DB6 LVL:4 THR:2.0 soft,T7-P7,3.8014877721613702,2.9925529936969482e-05,2.3402409653288356,0.8689502149701537,50.29188722418254
DB6 LVL:4 THR:2.0 soft,P7-O1,3.894055018849323,2.775408990468909e-05,2.1521536683959472,0.8683996018748927,50.246782404785804
DB6 LVL:4 THR:2.0 soft,FP1-F3,5.422103337250968,3.08521745959072e-05,1.2357221027915815,0.9019252161914522,43.94451828564936
DB6 LVL:4 THR:2.0 soft,F3-C3,6.925159205594675,1.981911261704186e-05,1.8715823773609066,0.9226364686913728,38.97761210215077
DB6 LVL:4 THR:3.0 hard,FP1-F7,5.128531608639446,3.180809183145096e-05,1.1535798733885105,0.9002873012997772,44.56625849947807
DB6 LVL:4 THR:3.0 hard,F7-T7,5.834836588459238,2.2632814396224296e-05,1.7723963114341754,0.9062835743884351,42.80295237062385
DB6 LVL:4 THR:3.0 hard,T7-P7,4.015550948237991,2.9770946306732195e-05,2.328152192137099,0.869012580660593,50.032098925864254
DB6 LVL:4 THR:3.0 hard,P7-O1,3.952454706793649,2.770869550273291e-05,2.148633620394729,0.8685191736893713,50.16459910692518
DB6 LVL:4 THR:3.0 hard,FP1-F3,5.471806824811402,3.079901798003893e-05,1.2335930209359791,0.9020113506325802,43.868804274931406
DB6 LVL:4 THR:3.0 hard,F3-C3,6.980810053151777,1.9768206028312186e-05,1.8667751048962407,0.9228747137717601,38.87749574945177
DB6 LVL:4 THR:3.0 soft,FP1-F7,5.03604429638956,3.1949544237316436e-05,1.1587099091452435,0.8997917554377197,44.764447203112915
DB6 LVL:4 THR:3.0 soft,F7-T7,5.338041002715242,2.3181284774593593e-05,1.8153475263619494,0.9034958817735774,43.84021406822146
DB6 LVL:4 THR:3.0 soft,T7-P7,3.6646379841506844,3.0136579171601755e-05,2.356745470533189,0.8674482222010164,50.64656980889306
DB6 LVL:4 THR:3.0 soft,P7-O1,3.854108439012538,2.7822473049248758e-05,2.157456347602001,0.867782560129089,50.37058516670826
DB6 LVL:4 THR:3.0 soft,FP1-F3,5.383500636917065,3.093751111459201e-05,1.239140086246404,0.901410435519134,44.06606797395805
DB6 LVL:4 THR:3.0 soft,F3-C3,6.8759778275314245,1.9900652392136864e-05,1.8792824398748336,0.9220017982425847,39.13797375839449
DB6 LVL:4 THR:4.0 hard,FP1-F7,5.112760734106539,3.185035581041448e-05,1.1551126555421831,0.9000058337777535,44.625474482055246
DB6 LVL:4 THR:4.0 hard,F7-T7,5.774168971052354,2.2748753676280168e-05,1.7814756220635966,0.9052885526469404,43.02221557824967
DB6 LVL:4 THR:4.0 hard,T7-P7,3.9822563843365026,2.984327106759816e-05,2.3338081443806393,0.868350892206919,50.15364560272004
DB6 LVL:4 THR:4.0 hard,P7-O1,3.9371644022395564,2.7742530648965168e-05,2.151257321418057,0.8681723416284731,50.22585520417804
DB6 LVL:4 THR:4.0 hard,FP1-F3,5.455042630438531,3.0843862653053106e-05,1.2353891845569198,0.9017081554533197,43.932679109658515
DB6 LVL:4 THR:4.0 hard,F3-C3,6.9587531440830315,1.9809717122842875e-05,1.870695130706165,0.9225330938302818,38.959134285536464
DB6 LVL:4 THR:4.0 soft,FP1-F7,4.998906745146018,3.2036418133495496e-05,1.1618605532859247,0.8992659255222284,44.88616605800331
DB6 LVL:4 THR:4.0 soft,F7-T7,5.132604906233458,2.3524990798419865e-05,1.8422634581670994,0.9007879576949178,44.49022746513185
DB6 LVL:4 THR:4.0 soft,T7-P7,3.530111863504848,3.0371540950804422e-05,2.3751199882822407,0.8655880595404223,51.04143905019113
DB6 LVL:4 THR:4.0 soft,P7-O1,3.8167794034670504,2.7891900942046642e-05,2.162840040408614,0.8671242917093505,50.49627937012902
DB6 LVL:4 THR:4.0 soft,FP1-F3,5.3474451657813,3.10225235544313e-05,1.2425450893717132,0.9008739303145371,44.187156058216495
DB6 LVL:4 THR:4.0 soft,F3-C3,6.828774558026975,1.9983681405759493e-05,1.887123135959892,0.9213343410348044,39.301264252209236
DB6 LVL:5 THR:0.5 hard,FP1-F7,3.726249322335306,3.582541024635026e-05,1.299275430763587,0.8705949193951952,50.19491588332304
DB6 LVL:5 THR:0.5 hard,F7-T7,4.500934287165126,2.5498101096767858e-05,1.9967795229225358,0.8787227221748293,48.221753940083445
DB6 LVL:5 THR:0.5 hard,T7-P7,3.16332318819476,3.190249918704126e-05,2.494844223348263,0.8474890068219546,53.61431843190723
DB6 LVL:5 THR:0.5 hard,P7-O1,2.7763850811038084,3.0452182208389414e-05,2.3613736164836157,0.8379937288051015,55.1314843480894
DB6 LVL:5 THR:0.5 hard,FP1-F3,3.915900422136861,3.52134599531252e-05,1.410404658659475,0.8689361488360199,50.1565466641814
DB6 LVL:5 THR:0.5 hard,F3-C3,4.224263286981571,2.53576790814383e-05,2.3946069744204728,0.8686428586625382,49.87013284324572
DB6 LVL:5 THR:0.5 soft,FP1-F7,3.7024737071458618,3.583793108407698e-05,1.2997295223348777,0.8707203970241965,50.21245880585092
DB6 LVL:5 THR:0.5 soft,F7-T7,4.396969932937672,2.554280648780521e-05,2.000280442816486,0.8789595689149822,48.306300328781845
DB6 LVL:5 THR:0.5 soft,T7-P7,3.0793202422349903,3.193320082742587e-05,2.497245157824017,0.8478164277962159,53.665914625494196
DB6 LVL:5 THR:0.5 soft,P7-O1,2.7456234216158255,3.0462532326945013e-05,2.362176202541896,0.8381132887342808,55.15022249287141
DB6 LVL:5 THR:0.5 soft,FP1-F3,3.892796151334359,3.522566166774318e-05,1.4108933739167586,0.8690157496186254,50.17392626474989
DB6 LVL:5 THR:0.5 soft,F3-C3,4.197678792025076,2.5367229727439328e-05,2.395508872557555,0.868683150481596,49.88891579192491
DB6 LVL:5 THR:1.0 hard,FP1-F7,3.724421673038635,3.582931869981389e-05,1.2994171781301256,0.8705693578133672,50.20039201022548
DB6 LVL:5 THR:1.0 hard,F7-T7,4.49182891812277,2.551240971875273e-05,1.9979000441437906,0.8785950752774088,48.24881426296622
DB6 LVL:5 THR:1.0 hard,T7-P7,3.157461994462328,3.1912401622153695e-05,2.495618615125299,0.8474009468867978,53.63096014722416
DB6 LVL:5 THR:1.0 hard,P7-O1,2.774355171462384,3.0455442497528886e-05,2.3616264312311226,0.8379608412548818,55.13738686694446
DB6 LVL:5 THR:1.0 hard,FP1-F3,3.9141383857534633,3.5217290954795296e-05,1.4105581017636184,0.86890905716599,50.16200337915041
DB6 LVL:5 THR:1.0 hard,F3-C3,4.222518798835989,2.5360430437368397e-05,2.3948667937863606,0.8686148812667414,49.875543846567126
DB6 LVL:5 THR:1.0 soft,FP1-F7,3.676747674601687,3.586694030144329e-05,1.300781595796997,0.8706748115885858,50.253103566525816
DB6 LVL:5 THR:1.0 soft,F7-T7,4.281446580681716,2.564306193686501e-05,2.0081315383543177,0.8785656691945137,48.49590243198816
DB6 LVL:5 THR:1.0 soft,T7-P7,2.9902585349364337,3.200268143700002e-05,2.502678691304089,0.8476841264119893,53.78268151277506
DB6 LVL:5 THR:1.0 soft,P7-O1,2.713404466125571,3.0486593505007208e-05,2.36404199431566,0.8380355006848563,55.193783524151684
DB6 LVL:5 THR:1.0 soft,FP1-F3,3.867568447656753,3.525460901483828e-05,1.4120528019665186,0.8689271692015021,50.21515762819195
DB6 LVL:5 THR:1.0 soft,F3-C3,4.168437413510569,2.539064726972667e-05,2.397720266191214,0.8685457760986446,49.93497032006139
DB6 LVL:5 THR:2.0 hard,FP1-F7,3.71644843910882,3.584976868322832e-05,1.3001588349828224,0.870417355592646,50.22904444407742
DB6 LVL:5 THR:2.0 hard,F7-T7,4.456999979302641,2.557550478693755e-05,2.002841076406182,0.8779893408795731,48.368139025280655
DB6 LVL:5 THR:2.0 hard,T7-P7,3.1354382778874266,3.1955567821423956e-05,2.4989943049815047,0.8469861129826952,53.703503879287354
DB6 LVL:5 THR:2.0 hard,P7-O1,2.766049741289143,3.0472243445875474e-05,2.3629292382314895,0.8377717608401484,55.167803774818736
DB6 LVL:5 THR:2.0 hard,FP1-F3,3.905990671895406,3.523830915084507e-05,1.411399943538459,0.8687461227031462,50.19194079888625
DB6 LVL:5 THR:2.0 hard,F3-C3,4.214177466149104,2.53764623773518e-05,2.3963807413039726,0.8684398201662817,49.90707334791224
DB6 LVL:5 THR:2.0 soft,FP1-F7,3.6241675248512983,3.595081182987768e-05,1.303823353462466,0.8702909807008536,50.37061580953493
DB6 LVL:5 THR:2.0 soft,F7-T7,4.0405640994791865,2.593168073518698e-05,2.0307335393516732,0.8766713121381786,49.04173541862294
DB6 LVL:5 THR:2.0 soft,T7-P7,2.8099104963957053,3.2204576387449236e-05,2.518467311747218,0.8466077477149476,54.12197970066046
DB6 LVL:5 THR:2.0 soft,P7-O1,2.6489796983291707,3.055612229731942e-05,2.3694335112397504,0.837548543385006,55.319660398881744
DB6 LVL:5 THR:2.0 soft,FP1-F3,3.8156536804195285,3.533881793490105e-05,1.4154256217154246,0.8684656670446591,50.335101213238445
DB6 LVL:5 THR:2.0 soft,F3-C3,4.107234859408501,2.5460960294894446e-05,2.4043601506979395,0.867955226783281,50.0732526878785
DB6 LVL:5 THR:3.0 hard,FP1-F7,3.703994048752336,3.588328016017663e-05,1.3013741912996974,0.8701610354841322,50.27599731230641
DB6 LVL:5 THR:3.0 hard,F7-T7,4.405802860400904,2.5674971857251476e-05,2.010630433286296,0.8770014940923687,48.55625015448263
DB6 LVL:5 THR:3.0 hard,T7-P7,3.104818170982639,3.202106165535439e-05,2.5041160640101094,0.8463309607293077,53.81357071910092
DB6 LVL:5 THR:3.0 hard,P7-O1,2.753614117844899,3.0499318506335463e-05,2.3650287374725423,0.8374581385006014,55.21682122328133
DB6 LVL:5 THR:3.0 hard,FP1-F3,3.892896569542031,3.5274021155889616e-05,1.412830316422917,0.868461971032927,50.242807451861346
DB6 LVL:5 THR:3.0 hard,F3-C3,4.20065290819325,2.5404159342718066e-05,2.3989962545858994,0.8681312334061182,49.96154407994314
DB6 LVL:5 THR:3.0 soft,FP1-F7,3.5724211998179896,3.6052125382160634e-05,1.3074976787075767,0.8696879279430637,50.51256603982438
DB6 LVL:5 THR:3.0 soft,F7-T7,3.797342090897527,2.6288988693499493e-05,2.058714651036344,0.8737948041813438,49.71747265808207
DB6 LVL:5 THR:3.0 soft,T7-P7,2.6304985780337207,3.2458932127943604e-05,2.5383584790857823,0.8447911307304299,54.549441812198985
DB6 LVL:5 THR:3.0 soft,P7-O1,2.5861419038066598,3.064079837135715e-05,2.3759996038045395,0.8368083421905533,55.47296033707738
DB6 LVL:5 THR:3.0 soft,FP1-F3,3.764599853991893,3.5439609275119666e-05,1.4194626171139484,0.8678048803114602,50.47866408850686
DB6 LVL:5 THR:3.0 soft,F3-C3,4.045714905408487,2.5547699299447448e-05,2.4125511931269346,0.8671285708500496,50.243839501673904
DB6 LVL:5 THR:4.0 hard,FP1-F7,3.6878131584375016,3.5927972621656205e-05,1.3029950469086482,0.8698138096700968,50.33861583723495
DB6 LVL:5 THR:4.0 hard,F7-T7,4.339724162150208,2.580751804655491e-05,2.0210102461060067,0.8756609214950367,48.80692018289099
DB6 LVL:5 THR:4.0 hard,T7-P7,3.06582414071701,3.210760724145561e-05,2.5108841154494344,0.8454496031923441,53.95901645941432
DB6 LVL:5 THR:4.0 hard,P7-O1,2.737563338936579,3.053506669571946e-05,2.367800782860645,0.837040102689929,55.2815407474852
DB6 LVL:5 THR:4.0 hard,FP1-F3,3.8762499300212507,3.532031336853904e-05,1.414684458346696,0.8680900351449673,50.30874410014952
DB6 LVL:5 THR:4.0 hard,F3-C3,4.183340025463009,2.5440295031035766e-05,2.4024086635446666,0.8677258018676224,50.03261097731172
DB6 LVL:5 THR:4.0 soft,FP1-F7,3.522660338302294,3.6160959162349744e-05,1.3114447390668156,0.8689680573927746,50.665052847492206
DB6 LVL:5 THR:4.0 soft,F7-T7,3.55891603490344,2.6682685891594094e-05,2.089545437235043,0.8702656249286479,50.462028864105775
DB6 LVL:5 THR:4.0 soft,T7-P7,2.454163302258333,3.2746843784509e-05,2.560873791413055,0.8424336975233766,55.033296921632704
DB6 LVL:5 THR:4.0 soft,P7-O1,2.5256705729498496,3.0732709367137326e-05,2.3831267186698994,0.835927834808735,55.63935858041498
DB6 LVL:5 THR:4.0 soft,FP1-F3,3.7157220496608123,3.5546427651376213e-05,1.4237410133778552,0.867050620411596,50.63081161619757
DB6 LVL:5 THR:4.0 soft,F3-C3,3.98545607653979,2.5642606041464706e-05,2.421513541203988,0.8661700616919665,50.430489542354664
SYM4 LVL:2 THR:0.5 hard,FP1-F7,5.357874585451038,3.116076221511104e-05,1.1301032555261439,0.904685190674485,43.659286174038286
SYM4 LVL:2 THR:0.5 hard,F7-T7,4.796740592273473,2.4796622420403976e-05,1.9418460888046611,0.8860536559815054,46.89512447864005
SYM4 LVL:2 THR:0.5 hard,T7-P7,4.210192192894853,2.9267413226867552e-05,2.288774819593341,0.8738801371765172,49.185877357874126
SYM4 LVL:2 THR:0.5 hard,P7-O1,5.098671520599685,2.512296465218149e-05,1.9481265904539413,0.8937323250648899,45.48331948827524
SYM4 LVL:2 THR:0.5 hard,FP1-F3,5.962262116831281,2.9450512140835475e-05,1.1795813185819972,0.911042619603189,41.94805021835861
SYM4 LVL:2 THR:0.5 hard,F3-C3,8.643902664610101,1.6764837034498392e-05,1.5831573370300507,0.9455142658420287,32.97086643145491
SYM4 LVL:2 THR:0.5 soft,FP1-F7,5.3516246591598655,3.118167962863304e-05,1.1308618646049338,0.9045317422169806,43.68859352334744
SYM4 LVL:2 THR:0.5 soft,F7-T7,4.762476861839615,2.488665982991338e-05,1.9488970003577633,0.8850952645152436,47.06540232757819
SYM4 LVL:2 THR:0.5 soft,T7-P7,4.18776329841344,2.9335805693913136e-05,2.2941232579814694,0.8731904594371095,49.300815547670084
SYM4 LVL:2 THR:0.5 soft,P7-O1,5.093883090483308,2.5135577087919307e-05,1.9491046048631242,0.8936092067762035,45.50615339550437
SYM4 LVL:2 THR:0.5 soft,FP1-F3,5.956539644465327,2.946870933654306e-05,1.1803101708343655,0.9109154098505049,41.97396952583023
SYM4 LVL:2 THR:0.5 soft,F3-C3,8.637474044875397,1.6776835921075598e-05,1.58429043037786,0.9454285697437758,32.99446425622643
SYM4 LVL:2 THR:1.0 hard,FP1-F7,5.3553640203159,3.1169234153882426e-05,1.1304105062127627,0.9046228226141834,43.671156191745666
SYM4 LVL:2 THR:1.0 hard,F7-T7,4.782532725292103,2.4834203506445277e-05,1.9447890978848932,0.8856532558015148,46.966197452937514
SYM4 LVL:2 THR:1.0 hard,T7-P7,4.201508739962792,2.9293933334096606e-05,2.2908487491602716,0.8736127720280442,49.23044620075664
SYM4 LVL:2 THR:1.0 hard,P7-O1,5.095827489822005,2.5130556836508074e-05,1.9487153162023159,0.8936578900937009,45.49706459161479
SYM4 LVL:2 THR:1.0 hard,FP1-F3,5.9596806073916575,2.9458799328052425e-05,1.1799132452791616,0.910984475823705,41.95985413347842
SYM4 LVL:2 THR:1.0 hard,F3-C3,8.639738693823881,1.677262447639082e-05,1.5838927301474026,0.9454586027900947,32.986181743256004
SYM4 LVL:2 THR:1.0 soft,FP1-F7,5.346268071314264,3.1199738816120395e-05,1.1315168147769075,0.9043987695345811,43.71389621745801
SYM4 LVL:2 THR:1.0 soft,F7-T7,4.732980330219421,2.4965056401829637e-05,1.9550363073153922,0.8842554802165696,47.213665140810626
SYM4 LVL:2 THR:1.0 soft,T7-P7,4.168114598435398,2.9396447357532818e-05,2.298865566829713,0.8725756152110887,49.40272798545385
SYM4 LVL:2 THR:1.0 soft,P7-O1,5.090148048037912,2.5145472468907917e-05,1.9498719289068218,0.8935123811379273,45.52406827064727
SYM4 LVL:2 THR:1.0 soft,FP1-F3,5.951769308603562,2.9483964610531346e-05,1.1809211903005257,0.9108084803679363,41.99569848579857
SYM4 LVL:2 THR:1.0 soft,F3-C3,8.632613052417703,1.678595647186587e-05,1.5851517132445925,0.9453632515226141,33.01240135047128
SYM4 LVL:2 THR:2.0 hard,FP1-F7,5.35065908880919,3.1185168041318884e-05,1.1309883784079555,0.9045053032517468,43.693481131894785
SYM4 LVL:2 THR:2.0 hard,F7-T7,4.749304020842286,2.4922547522396633e-05,1.9517073982459647,0.8847084811032219,47.13327277290419
SYM4 LVL:2 THR:2.0 hard,T7-P7,4.178641214040268,2.9364330929988577e-05,2.296353992947568,0.8729003645366796,49.348754145876065
SYM4 LVL:2 THR:2.0 hard,P7-O1,5.091397928889716,2.5142271021363196e-05,1.9496236769518414,0.8935433499362124,45.51827228026486
SYM4 LVL:2 THR:2.0 hard,FP1-F3,5.955181886272985,2.947323880107292e-05,1.180491589470383,0.9108831452090371,41.98042110143109
SYM4 LVL:2 THR:2.0 hard,F3-C3,8.633874770388285,1.678360391541169e-05,1.5849295537924277,0.9453800548149863,33.007774653267866
SYM4 LVL:2 THR:2.0 soft,FP1-F7,5.338947646018221,3.1224478957819814e-05,1.1324140622345813,0.9042163178510749,43.74855958413
SYM4 LVL:2 THR:2.0 soft,F7-T7,4.696063168606451,2.506396140309061e-05,1.9627816480559845,0.8831902422357069,47.40071329063755
SYM4 LVL:2 THR:2.0 soft,T7-P7,4.143378016043705,2.9473601577792423e-05,2.304899193210928,0.8717893938566035,49.53239089709948
SYM4 LVL:2 THR:2.0 soft,P7-O1,5.086270180932004,2.5155754227043063e-05,1.9506692140480069,0.8934117139326577,45.54268265380771
SYM4 LVL:2 THR:2.0 soft,FP1-F3,5.945525844782903,2.9503957689119443e-05,1.1817219730472122,0.9106682039144487,42.024175772055
SYM4 LVL:2 THR:2.0 soft,F3-C3,8.627941597932702,1.6794743161332043e-05,1.5859814685155773,0.9453002332017221,33.0296818503752
SYM4 LVL:2 THR:3.0 hard,FP1-F7,5.346239390904355,3.1200076800145277e-05,1.1315290723989835,0.9043954963092531,43.714369766248716
SYM4 LVL:2 THR:3.0 hard,F7-T7,4.722053574663932,2.4995005531736944e-05,1.9573816509588777,0.8839313102541104,47.27030463594907
SYM4 LVL:2 THR:3.0 hard,T7-P7,4.159781424171658,2.942335816481223e-05,2.3009700499829937,0.872299106037215,49.44795342632854
SYM4 LVL:2 THR:3.0 hard,P7-O1,5.088614673371801,2.5149727412861522e-05,1.9502018728275203,0.8934701047337978,45.53177154046139
SYM4 LVL:2 THR:3.0 hard,FP1-F3,5.950969368422188,2.9486772720084854e-05,1.1810336635082583,0.9107880993028163,41.999698236974574
SYM4 LVL:2 THR:3.0 hard,F3-C3,8.63023284411662,1.6790406804899835e-05,1.5855719724681356,0.9453314209656203,33.02115367748385
SYM4 LVL:2 THR:3.0 soft,FP1-F7,5.33397319395042,3.1241334690031665e-05,1.1330253668527224,0.9040918090235074,43.772176119285014
SYM4 LVL:2 THR:3.0 soft,F7-T7,4.675295183550007,2.511997181832684e-05,1.967167874692613,0.8825842156919623,47.50663962810688
SYM4 LVL:2 THR:3.0 soft,T7-P7,4.129882424462783,2.9515985418384917e-05,2.308213700931641,0.8713558886349135,49.60361982222445
SYM4 LVL:2 THR:3.0 soft,P7-O1,5.08432725920268,2.5160895498178103e-05,1.951067887020945,0.8933613979527664,45.55199055519786
SYM4 LVL:2 THR:3.0 soft,FP1-F3,5.941523185988955,2.9516798698809296e-05,1.1822362939890498,0.9105780050392211,42.042465957188234
SYM4 LVL:2 THR:3.0 soft,F3-C3,8.62581780750347,1.6798758907855335e-05,1.586360688340913,0.9452713584006659,33.037579490058164
SYM4 LVL:2 THR:4.0 hard,FP1-F7,5.342036507594617,3.1214310216510604e-05,1.1320452738340023,0.9042904471063196,43.7343121795324
SYM4 LVL:2 THR:4.0 hard,F7-T7,4.6992879321313605,2.5056434995891875e-05,1.962192248252502,0.8832681499291763,47.38647942456992
SYM4 LVL:2 THR:4.0 hard,T7-P7,4.1438624945964815,2.9471833238480464e-05,2.3047609052639086,0.8718081397657095,49.529419082684214
SYM4 LVL:2 THR:4.0 hard,P7-O1,5.086978063371591,2.5154170746218346e-05,1.9505464251517592,0.8934262591680551,45.539815875732295
SYM4 LVL:2 THR:4.0 hard,FP1-F3,5.947440865752146,2.9498021342064957e-05,1.181484204547547,0.9107093193369966,42.01572029314298
SYM4 LVL:2 THR:4.0 hard,F3-C3,8.628033754762466,1.679455951741094e-05,1.5859641264310407,0.9453015832155873,33.02932068377507
SYM4 LVL:2 THR:4.0 soft,FP1-F7,5.33047755745358,3.125321565504521e-05,1.133456252244675,0.9040039018407203,43.788822517340655
SYM4 LVL:2 THR:4.0 soft,F7-T7,4.663114248536341,2.5152933409130952e-05,1.9697491268929561,0.8822266869369787,47.56897625918374
SYM4 LVL:2 THR:4.0 soft,T7-P7,4.122172078896002,2.9540265740635418e-05,2.3101124744839123,0.8711071124196018,49.64442455420283
SYM4 LVL:2 THR:4.0 soft,P7-O1,5.083139232474016,2.516398598978372e-05,1.9513075350464797,0.8933313226154812,45.557585667837635
SYM4 LVL:2 THR:4.0 soft,FP1-F3,5.938870379880169,2.9525311690657523e-05,1.1825772648387718,0.9105181842500834,42.05459149876965
SYM4 LVL:2 THR:4.0 soft,F3-C3,8.624669809214463,1.6800946051666485e-05,1.5865672273466092,0.9452555781914082,33.04188087553035
SYM4 LVL:3 THR:0.5 hard,FP1-F7,5.266213771105235,3.142512588262277e-05,1.1396908978063753,0.9028778485425818,44.029685618513874
SYM4 LVL:3 THR:0.5 hard,F7-T7,4.744149545253212,2.495723043242176e-05,1.9544234485224428,0.88427382570368,47.198864745687196
SYM4 LVL:3 THR:0.5 hard,T7-P7,3.8338205312667095,3.0227954363662822e-05,2.3638912075719816,0.8645504272102834,50.80013203031078
SYM4 LVL:3 THR:0.5 hard,P7-O1,4.720752725563418,2.5984957223342542e-05,2.0149686479858255,0.8856060274251952,47.043895003682564
SYM4 LVL:3 THR:0.5 hard,FP1-F3,5.704056121710586,3.0159602961913204e-05,1.207982532174527,0.906346135589533,42.95804886387288
SYM4 LVL:3 THR:0.5 hard,F3-C3,8.017095482604535,1.78589399762559e-05,1.6864769873281837,0.9377554440944049,35.12260353935027
SYM4 LVL:3 THR:0.5 soft,FP1-F7,5.250559226370697,3.1444582809587245e-05,1.1403965396117104,0.9028422932598994,44.05694668281471
SYM4 LVL:3 THR:0.5 soft,F7-T7,4.6625861061403056,2.5024732309862635e-05,1.9597095820318062,0.8840084762600419,47.32652362162052
SYM4 LVL:3 THR:0.5 soft,T7-P7,3.7753412353905236,3.0277518967347976e-05,2.3677672664494214,0.8644014304293198,50.88342871591986
SYM4 LVL:3 THR:0.5 soft,P7-O1,4.705086121752194,2.6001971445790774e-05,2.016287993040288,0.8855137573339825,47.074698028969244
SYM4 LVL:3 THR:0.5 soft,FP1-F3,5.689243774569059,3.0179227411022607e-05,1.2087685502052565,0.9062833542453475,42.986001090062096
SYM4 LVL:3 THR:0.5 soft,F3-C3,8.000774055430877,1.7877503258940914e-05,1.6882299776567904,0.9376549417074796,35.159111351068184
SYM4 LVL:3 THR:1.0 hard,FP1-F7,5.262270137103143,3.143434420042067e-05,1.1400252173227583,0.9028227546477567,44.04260138649168
SYM4 LVL:3 THR:1.0 hard,F7-T7,4.7277672212631225,2.4985218755491815e-05,1.9566152395964185,0.8840200353756664,47.25179598253334
SYM4 LVL:3 THR:1.0 hard,T7-P7,3.823127478912075,3.0248522769624697e-05,2.3654997012669927,0.8643691251272689,50.834698634651446
SYM4 LVL:3 THR:1.0 hard,P7-O1,4.716165762928819,2.599368343712778e-05,2.0156453105272236,0.8855287842987744,47.05969318574474
SYM4 LVL:3 THR:1.0 hard,FP1-F3,5.6998801561958,3.0169408357629882e-05,1.2083752676744526,0.9062858304619076,42.97201525026261
SYM4 LVL:3 THR:1.0 hard,F3-C3,8.011016196408026,1.7868789143051177e-05,1.6874070757414195,0.9376864538556204,35.14197357928564
SYM4 LVL:3 THR:1.0 soft,FP1-F7,5.232895852473034,3.147821660258346e-05,1.1416163319485706,0.9026777415135123,44.10407092783167
SYM4 LVL:3 THR:1.0 soft,F7-T7,4.5736147267320915,2.5137792613555468e-05,1.9685634373997996,0.8831879847026263,47.540342137924
SYM4 LVL:3 THR:1.0 soft,T7-P7,3.7136437887131812,3.0359468108019854e-05,2.374175865945496,0.8638573833331303,51.02114981724938
SYM4 LVL:3 THR:1.0 soft,P7-O1,4.687825723031737,2.6030385316526986e-05,2.0184913085281413,0.8852825541129253,47.12613929708731
SYM4 LVL:3 THR:1.0 soft,FP1-F3,5.6720706708264075,3.0213559946841946e-05,1.2101436712109075,0.9060953117137902,43.03490288605757
SYM4 LVL:3 THR:1.0 soft,F3-C3,7.9790998995487,1.791096978561051e-05,1.69139032911937,0.9374265890834685,35.22492889396928
SYM4 LVL:3 THR:2.0 hard,FP1-F7,5.25032537094999,3.146452045403579e-05,1.1411196155346701,0.9026317237914755,44.08488127949133
SYM4 LVL:3 THR:2.0 hard,F7-T7,4.681833569446473,2.5066168972020353e-05,1.962954524789731,0.8832731473092477,47.404888222932776
SYM4 LVL:3 THR:2.0 hard,T7-P7,3.7931974630273766,3.0307175945323977e-05,2.370086506072361,0.8638467050938271,50.93326928331903
SYM4 LVL:3 THR:2.0 hard,P7-O1,4.7032334467518035,2.6020375321196263e-05,2.0177150968690443,0.8852828405772529,47.10801692092643
SYM4 LVL:3 THR:2.0 hard,FP1-F3,5.6867758695732835,3.020271293730819e-05,1.2097092159543295,0.9060712240499061,43.01945286948519
SYM4 LVL:3 THR:2.0 hard,F3-C3,7.989872926755833,1.7905165186968005e-05,1.6908421822503912,0.9374234717340492,35.21351317628969
SYM4 LVL:3 THR:2.0 soft,FP1-F7,5.20045931976767,3.154969758524361e-05,1.1442087233238134,0.9022712164724568,44.204222800125976
SYM4 LVL:3 THR:2.0 soft,F7-T7,4.403949982977576,2.5400825980511798e-05,1.9891618199613288,0.8809564080899698,48.03778821248707
SYM4 LVL:3 THR:2.0 soft,T7-P7,3.5981160505955536,3.054934323175662e-05,2.38902451002303,0.8623510264925522,51.340247869305934
SYM4 LVL:3 THR:2.0 soft,P7-O1,4.65754034816266,2.6088143061300844e-05,2.0229700553622187,0.8847698342985018,47.23070553737152
SYM4 LVL:3 THR:2.0 soft,FP1-F3,5.64087628385877,3.0284713466034015e-05,1.212993583008331,0.9056653793380675,43.13625091633998
SYM4 LVL:3 THR:2.0 soft,F3-C3,7.939416402896613,1.7978231621883958e-05,1.6977420800716336,0.9369428178272415,35.35721058660624
SYM4 LVL:3 THR:3.0 hard,FP1-F7,5.236992338559965,3.1499012288294546e-05,1.1423705263408888,0.9024096471131208,44.133207724530614
SYM4 LVL:3 THR:3.0 hard,F7-T7,4.624645585783858,2.5172885749095677e-05,1.971311612810035,0.8822578291161526,47.60670992510092
SYM4 LVL:3 THR:3.0 hard,T7-P7,3.75884504681951,3.037604204742109e-05,2.3754719837427527,0.863225271848045,51.04900344901405
SYM4 LVL:3 THR:3.0 hard,P7-O1,4.689564479456948,2.6049615744192112e-05,2.0199825062430166,0.8850087747280078,47.160954602426415
SYM4 LVL:3 THR:3.0 hard,FP1-F3,5.672359067555273,3.024013957455202e-05,1.2112082649996925,0.9058270134767593,43.07276177124896
SYM4 LVL:3 THR:3.0 hard,F3-C3,7.967218471985948,1.7945151063389626e-05,1.6946181768218982,0.9371303294319518,35.29215211491635
SYM4 LVL:3 THR:3.0 soft,FP1-F7,5.171970022417521,3.161820243288283e-05,1.1466931796025772,0.9018519160811634,44.30020481515958
SYM4 LVL:3 THR:3.0 soft,F7-T7,4.245996997672362,2.56851586406536e-05,2.011428169573583,0.8782861432052761,48.57551529743559
SYM4 LVL:3 THR:3.0 soft,T7-P7,3.490583253441205,3.075974769369785e-05,2.4054785926127105,0.8604774262162419,51.69384686968122
SYM4 LVL:3 THR:3.0 soft,P7-O1,4.63201680063767,2.6141464699533657e-05,2.0271048102657923,0.8842738966623966,47.3272405260147
SYM4 LVL:3 THR:3.0 soft,FP1-F3,5.614555074342665,3.0348870390157095e-05,1.2155632601939557,0.9052605062445492,43.22763329577367
SYM4 LVL:3 THR:3.0 soft,F3-C3,7.907994957387354,1.8033803246102416e-05,1.7029898868013433,0.9365335719918914,35.46650151473846
SYM4 LVL:3 THR:4.0 hard,FP1-F7,5.2232701508585695,3.1534825625457324e-05,1.143669363918722,0.9021774769728191,44.18338572483893
SYM4 LVL:3 THR:4.0 hard,F7-T7,4.558660608321995,2.5299751550121493e-05,1.981246589249501,0.8810284879607457,47.84663725997426
SYM4 LVL:3 THR:4.0 hard,T7-P7,3.7174846982892933,3.0463177919339146e-05,2.3822861968057056,0.8624184180708765,51.19544120476689
SYM4 LVL:3 THR:4.0 hard,P7-O1,4.676497081511465,2.607792297971385e-05,2.022177552846219,0.884741689599268,47.212202815162854
SYM4 LVL:3 THR:4.0 hard,FP1-F3,5.65881923469745,3.027576470231835e-05,1.2126351581886563,0.9055926411496628,43.12350467994376
SYM4 LVL:3 THR:4.0 hard,F3-C3,7.948027360757884,1.7979183485330305e-05,1.6978319675901248,0.9368798563381784,35.3590825858679
SYM4 LVL:3 THR:4.0 soft,FP1-F7,5.146830723921533,3.168164914365501e-05,1.1489941930983671,0.9014488048424834,44.38909988400553
SYM4 LVL:3 THR:4.0 soft,F7-T7,4.100850808884382,2.5971501718908646e-05,2.033851956859561,0.8754272605179065,49.117044465025685
SYM4 LVL:3 THR:4.0 soft,T7-P7,3.390419074065592,3.0979173526315187e-05,2.4226381658407887,0.8583876142387502,52.062606896698504
SYM4 LVL:3 THR:4.0 soft,P7-O1,4.609964680815114,2.6190080427262186e-05,2.030874651652485,0.883809914828241,47.415255802358274
SYM4 LVL:3 THR:4.0 soft,FP1-F3,5.591851312299233,3.0406314232091035e-05,1.2178640583087326,0.9048893894098403,43.30945384798197
SYM4 LVL:3 THR:4.0 soft,F3-C3,7.88241553649661,1.8080089515373852e-05,1.7073608476791637,0.9361882454575109,35.557531233585024
SYM4 LVL:4 THR:0.5 hard,FP1-F7,5.096464474003862,3.190399210685057e-05,1.1570578760344918,0.8996071241740091,44.70062419756135
SYM4 LVL:4 THR:0.5 hard,F7-T7,5.850998551484676,2.26270915834797e-05,1.7719481527552774,0.9062312497870055,42.792129444360924
SYM4 LVL:4 THR:0.5 hard,T7-P7,4.043869835049253,2.9722230558495924e-05,2.3243425155860304,0.8694073011968156,49.950228799537314
SYM4 LVL:4 THR:0.5 hard,P7-O1,3.955214510670999,2.7731676446638523e-05,2.15041564686,0.8681672944661798,50.20620445200576
SYM4 LVL:4 THR:0.5 hard,FP1-F3,5.469293787936987,3.08093786561587e-05,1.2340079970810565,0.901929145519789,43.88356157898404
SYM4 LVL:4 THR:0.5 hard,F3-C3,6.921158297456965,1.988294526470507e-05,1.8776102990330417,0.9219207182456044,39.10314971970941
SYM4 LVL:4 THR:0.5 soft,FP1-F7,5.071045398558347,3.192701419903378e-05,1.1578928152168413,0.8996400657852949,44.73288040824109
SYM4 LVL:4 THR:0.5 soft,F7-T7,5.725020924257198,2.2707955583123516e-05,1.7782806862258131,0.9062201386458586,42.94505863224972
SYM4 LVL:4 THR:0.5 soft,T7-P7,3.9498374192334422,2.977529619848309e-05,2.328492363051086,0.8695405926672223,50.039409214632215
SYM4 LVL:4 THR:0.5 soft,P7-O1,3.9265391383790433,2.7750831514072105e-05,2.151901000866819,0.8681483929998979,50.24088332306906
SYM4 LVL:4 THR:0.5 soft,FP1-F3,5.444628216898554,3.083272463573434e-05,1.2349430735659654,0.9019156610551065,43.91681459404037
SYM4 LVL:4 THR:0.5 soft,F3-C3,6.89405258586061,1.9904211008454265e-05,1.8796184914285097,0.9218434429335087,39.14497237478666
SYM4 LVL:4 THR:1.0 hard,FP1-F7,5.091916742973205,3.1914301693461215e-05,1.1574317724530514,0.8995459848206302,44.7150689402497
SYM4 LVL:4 THR:1.0 hard,F7-T7,5.829985835327388,2.2660816775332363e-05,1.7745892032492914,0.9059678905403997,42.85591019010858
SYM4 LVL:4 THR:1.0 hard,T7-P7,4.031382897317597,2.9744035646217554e-05,2.32604772046114,0.8692290283569095,49.98687373163775
SYM4 LVL:4 THR:1.0 hard,P7-O1,3.950237660490496,2.774050426319047e-05,2.1511001880516387,0.8680853854601938,50.222186578565065
SYM4 LVL:4 THR:1.0 hard,FP1-F3,5.464578663056371,3.082013051885727e-05,1.2344386414215875,0.901862700749665,43.89887607247278
SYM4 LVL:4 THR:1.0 hard,F3-C3,6.915424188644865,1.9892308239275635e-05,1.8784944747549597,0.92184796380419,39.12156358101518
SYM4 LVL:4 THR:1.0 soft,FP1-F7,5.0415632993563095,3.197616000961668e-05,1.159675179850665,0.8994373665320263,44.8017385123427
SYM4 LVL:4 THR:1.0 soft,F7-T7,5.576211723633944,2.2879397714145402e-05,1.791706475671526,0.9052882018991946,43.26928827687014
SYM4 LVL:4 THR:1.0 soft,T7-P7,3.8470878803885755,2.988866218112907e-05,2.3373578273293014,0.868995661037639,50.22992845443511
SYM4 LVL:4 THR:1.0 soft,P7-O1,3.8950157000233476,2.7790965503690988e-05,2.1550131372504033,0.8678577574013769,50.313543022967025
SYM4 LVL:4 THR:1.0 soft,FP1-F3,5.415289072417064,3.0883390336201725e-05,1.2369723867907543,0.9016688135096347,43.988980651370404
SYM4 LVL:4 THR:1.0 soft,F3-C3,6.858682020652942,1.9951686889705738e-05,1.884101791181473,0.9215152156210418,39.23834166529851
SYM4 LVL:4 THR:2.0 hard,FP1-F7,5.074690317333389,3.195836104601845e-05,1.1590296671841744,0.8992601829995588,44.77680041744078
SYM4 LVL:4 THR:2.0 hard,F7-T7,5.758711540879995,2.2784846115954994e-05,1.7843020538908727,0.9049508537802508,43.0904732394179
SYM4 LVL:4 THR:2.0 hard,T7-P7,3.989157269853767,2.9824599938543852e-05,2.3323480218306343,0.8685364484951259,50.12226750118851
SYM4 LVL:4 THR:2.0 hard,P7-O1,3.932755692592895,2.7776487007368606e-05,2.1538904216765875,0.867726612422452,50.287330747343596
SYM4 LVL:4 THR:2.0 hard,FP1-F3,5.446029742964468,3.086771090081757e-05,1.2363443783888421,0.9015476080713692,43.96664753404651
SYM4 LVL:4 THR:2.0 hard,F3-C3,6.890937414326852,1.9936856128556425e-05,1.8827012748341347,0.9214841743905684,39.209174483778966
SYM4 LVL:4 THR:2.0 soft,FP1-F7,4.983150387314026,3.209778964070763e-05,1.1640863056477633,0.8987722382198797,44.97215356298827
SYM4 LVL:4 THR:2.0 soft,F7-T7,5.2712360333459385,2.3323195043096776e-05,1.826460648753464,0.9021874461541457,44.108593349618175
SYM4 LVL:4 THR:2.0 soft,T7-P7,3.6439230749604894,3.018682464895234e-05,2.3606747751993384,0.8669624222160187,50.731010748978775
SYM4 LVL:4 THR:2.0 soft,P7-O1,3.834692219844966,2.788909087354321e-05,2.162622137416339,0.8669954996618565,50.491191943334655
SYM4 LVL:4 THR:2.0 soft,FP1-F3,5.3567685957813636,3.100824366174705e-05,1.2419731368514602,0.9009331602502106,44.166816389671276
SYM4 LVL:4 THR:2.0 soft,F3-C3,6.784504052589022,2.007112372138592e-05,1.895380594309532,0.9205925246770552,39.473234245299146
SYM4 LVL:4 THR:3.0 hard,FP1-F7,5.0515134635285,3.2019641312254976e-05,1.1612521105215787,0.8988533974253051,44.862660084863954
SYM4 LVL:4 THR:3.0 hard,F7-T7,5.663268952304702,2.2962205402634542e-05,1.7981912211860314,0.9034372127681503,43.425893349676
SYM4 LVL:4 THR:3.0 hard,T7-P7,3.9357208007216444,2.9934991151068688e-05,2.3409808526712936,0.8675465474570573,50.30778743759509
SYM4 LVL:4 THR:3.0 hard,P7-O1,3.909626193795739,2.782686235357315e-05,2.157796710317402,0.8672115232839549,50.37853168630424
SYM4 LVL:4 THR:3.0 hard,FP1-F3,5.420355906681122,3.0935768692700544e-05,1.239070297025,0.9010883323646944,44.06358614272011
SYM4 LVL:4 THR:3.0 hard,F3-C3,6.856670110793467,2.000137654296281e-05,1.8887941445259484,0.9209485195947034,39.33606471009716
SYM4 LVL:4 THR:3.0 soft,FP1-F7,4.929403122676299,3.222384348879297e-05,1.1686578839393804,0.8980034065901062,45.148767375863095
SYM4 LVL:4 THR:3.0 soft,F7-T7,4.975419598052443,2.382281682748679e-05,1.865586485790892,0.8981837794677833,45.053473074525016
SYM4 LVL:4 THR:3.0 soft,T7-P7,3.448966687521498,3.053182817372942e-05,2.38765479472002,0.864193656116669,51.31081262371849
SYM4 LVL:4 THR:3.0 soft,P7-O1,3.780203159334083,2.799044314012196e-05,2.1704813629599173,0.8660296348159615,50.67468292799684
SYM4 LVL:4 THR:3.0 soft,FP1-F3,5.303670674521018,3.1134035589743206e-05,1.2470114807547208,0.9001345966353486,44.3459890331694
SYM4 LVL:4 THR:3.0 soft,F3-C3,6.714855623088641,2.0194268304090086e-05,1.9070095322599832,0.9195912787126421,39.71541874012849
SYM4 LVL:4 THR:4.0 hard,FP1-F7,5.02566788555769,3.208879278139836e-05,1.163760017737194,0.8983900154698844,44.95954808008835
SYM4 LVL:4 THR:4.0 hard,F7-T7,5.5519118709339015,2.31761260458447e-05,1.8149435416145752,0.9015662559375884,43.83045793197316
SYM4 LVL:4 THR:4.0 hard,T7-P7,3.874427548638264,3.006684330537854e-05,2.3512919754327846,0.8663368106820535,50.52937394546257
SYM4 LVL:4 THR:4.0 hard,P7-O1,3.884591829544801,2.7882466786979182e-05,2.1621084815102183,0.8666372398489834,50.4791995113235
SYM4 LVL:4 THR:4.0 hard,FP1-F3,5.393310064440926,3.1008162163509826e-05,1.2419698726026869,0.9005962851273492,44.16670030706696
SYM4 LVL:4 THR:4.0 hard,F3-C3,6.8183904482820035,2.007425066769634e-05,1.8956758818797996,0.9203388975619413,39.47938391015584
SYM4 LVL:4 THR:4.0 soft,FP1-F7,4.881255008049756,3.2343411343673254e-05,1.1729942355704377,0.8972387330701175,45.316293675682
SYM4 LVL:4 THR:4.0 soft,F7-T7,4.696964068354655,2.4337144108613522e-05,1.9058639236729018,0.8936942383193133,46.026163687878544
SYM4 LVL:4 THR:4.0 soft,T7-P7,3.2634386275945584,3.090010073822526e-05,2.416454503318502,0.8609520576837063,51.92971970140084
SYM4 LVL:4 THR:4.0 soft,P7-O1,3.7316956397572287,2.8086492682414758e-05,2.177929395862566,0.8650811112353062,50.84857371195838
SYM4 LVL:4 THR:4.0 soft,FP1-F3,5.256836834941958,3.1250295314359955e-05,1.2516680313303303,0.8993725061708945,44.511584413761554
SYM4 LVL:4 THR:4.0 soft,F3-C3,6.652475970563061,2.0309746826774242e-05,1.9179145395726465,0.9186275379112783,39.942526640985875
SYM4 LVL:5 THR:0.5 hard,FP1-F7,3.7797094538411113,3.566913178393805e-05,1.2936077003685,0.8718382539614387,49.97595441934497
SYM4 LVL:5 THR:0.5 hard,F7-T7,4.2784037065957685,2.597621373388973e-05,2.03422095904487,0.873758540553083,49.125955780661215
SYM4 LVL:5 THR:0.5 hard,T7-P7,3.161150093357794,3.19053273314217e-05,2.495065390336748,0.847468206884737,53.61907132077951
SYM4 LVL:5 THR:0.5 hard,P7-O1,2.7420639225313637,3.0526693806043594e-05,2.367151518363309,0.8371313660193173,55.26638223329551
SYM4 LVL:5 THR:0.5 hard,FP1-F3,3.911649527364469,3.522473749293672e-05,1.410856357944622,0.8688476161140011,50.172609909672396
SYM4 LVL:5 THR:0.5 hard,F3-C3,3.9204465079299498,2.6003799782478873e-05,2.4556222247539212,0.8612613705242219,51.140837669589644
SYM4 LVL:5 THR:0.5 soft,FP1-F7,3.7444291040915347,3.5692782266146306e-05,1.294465429289051,0.8719657149397896,50.0090910661239
SYM4 LVL:5 THR:0.5 soft,F7-T7,4.121340530711335,2.605778489266461e-05,2.040608870791105,0.8739334096125106,49.280222340830605
SYM4 LVL:5 THR:0.5 soft,T7-P7,3.036824282208732,3.196225670985929e-05,2.499517390479468,0.8478076849776777,53.71474501097504
SYM4 LVL:5 THR:0.5 soft,P7-O1,2.6962560159293796,3.054648781214173e-05,2.368686418011708,0.8372428902557688,55.30221785682874
SYM4 LVL:5 THR:0.5 soft,FP1-F3,3.876788378129598,3.524830078122767e-05,1.4118001382951793,0.8689101433490635,50.206172449970886
SYM4 LVL:5 THR:0.5 soft,F3-C3,3.8788835961425305,2.6022466121578953e-05,2.457384947030372,0.8612679422212035,51.17754815904843
SYM4 LVL:5 THR:1.0 hard,FP1-F7,3.7753930509569136,3.567880473578959e-05,1.2939585080381748,0.8717730148358528,49.989507174252516
SYM4 LVL:5 THR:1.0 hard,F7-T7,4.258671532373104,2.6007818163394463e-05,2.0366959307076304,0.8734666578667372,49.18572576185354
SYM4 LVL:5 THR:1.0 hard,T7-P7,3.148483647571843,3.1927130249955584e-05,2.4967704255766985,0.8472722583055708,53.65571260741249
SYM4 LVL:5 THR:1.0 hard,P7-O1,2.737212948074052,3.053498559435233e-05,2.367794493963932,0.837044600966145,55.281393919296605
SYM4 LVL:5 THR:1.0 hard,FP1-F3,3.9073028734063526,3.523461572951682e-05,1.411252010939541,0.8687758840848683,50.18668004747337
SYM4 LVL:5 THR:1.0 hard,F3-C3,3.9160019773191785,2.601113514641153e-05,2.45631492669942,0.8611828015627029,51.155263894190114
SYM4 LVL:5 THR:1.0 soft,FP1-F7,3.705819748714618,3.5746060145302326e-05,1.2963976511091113,0.871784393813132,50.08373860384332
SYM4 LVL:5 THR:1.0 soft,F7-T7,3.945492395612267,2.6238294383607845e-05,2.0547447334516513,0.8729386918910078,49.62160008590581
SYM4 LVL:5 THR:1.0 soft,T7-P7,2.9037768645080235,3.208977143265455e-05,2.5094893167443177,0.8473012316981356,53.92904217034863
SYM4 LVL:5 THR:1.0 soft,P7-O1,2.6481981545875843,3.0590778134309954e-05,2.3721208516269385,0.8369966373057995,55.382402297690135
SYM4 LVL:5 THR:1.0 soft,FP1-F3,3.8383496271362865,3.5302185485496484e-05,1.413958382274396,0.8686647860333887,50.282923518674224
SYM4 LVL:5 THR:1.0 soft,F3-C3,3.833069511259302,2.6066649573675475e-05,2.461557332137247,0.8609331424770416,51.26444233490933
SYM4 LVL:5 THR:2.0 hard,FP1-F7,3.7586572369069864,3.572231768891121e-05,1.2955365865729949,0.8714485960186834,50.05047309220729
SYM4 LVL:5 THR:2.0 hard,F7-T7,4.187782723339484,2.6134836762427113e-05,2.0466428728981945,0.8722228362739549,49.425942066790185
SYM4 LVL:5 THR:2.0 hard,T7-P7,3.1034319623321145,3.2013806204315614e-05,2.5035486720949574,0.8464458677121312,53.80137744044651
SYM4 LVL:5 THR:2.0 hard,P7-O1,2.7198855825294737,3.057032056479793e-05,2.370534496843807,0.8366440626876935,55.34536534035046
SYM4 LVL:5 THR:2.0 hard,FP1-F3,3.889946724236782,3.528027476937911e-05,1.4130807923946271,0.8684183534938152,50.25171483151739
SYM4 LVL:5 THR:2.0 hard,F3-C3,3.8976957572956965,2.6047135491627923e-05,2.4597145547749966,0.8607735341809577,51.226064616629195
SYM4 LVL:5 THR:2.0 soft,FP1-F7,3.629123533169844,3.588812629012021e-05,1.3015499452555261,0.8709939581102393,50.28278721598666
SYM4 LVL:5 THR:2.0 soft,F7-T7,3.589299095112204,2.672805949770856e-05,2.0930986856603546,0.8691415088517507,50.547838974479184
SYM4 LVL:5 THR:2.0 soft,T7-P7,2.639249634723862,3.2442594822947725e-05,2.537080866609246,0.8449403466157378,54.521985860637535
SYM4 LVL:5 THR:2.0 soft,P7-O1,2.554703244255954,3.070917544954408e-05,2.381301812601858,0.8360125861199525,55.596752116268576
SYM4 LVL:5 THR:2.0 soft,FP1-F3,3.7617707005458527,3.544579442485402e-05,1.419710350906977,0.8677612330414236,50.48747395131754
SYM4 LVL:5 THR:2.0 soft,F3-C3,3.7406108715148867,2.6187995174304863e-05,2.4730163864398573,0.8597824016458485,51.50308882948384
SYM4 LVL:5 THR:3.0 hard,FP1-F7,3.734512356562805,3.578787167333413e-05,1.2979140242844873,0.8709466969280557,50.14232065825882
SYM4 LVL:5 THR:3.0 hard,F7-T7,4.085692266983201,2.633335177968226e-05,2.0621887647253287,0.8701942236993881,49.801371683260825
SYM4 LVL:5 THR:3.0 hard,T7-P7,3.0412662471118357,3.214510225627959e-05,2.5138163064539554,0.8451353462165748,54.02202938052111
SYM4 LVL:5 THR:3.0 hard,P7-O1,2.6954896141612226,3.06235821535138e-05,2.3746645952881478,0.8360233330662574,55.44179161366477
SYM4 LVL:5 THR:3.0 hard,FP1-F3,3.8643242922215664,3.535066275815051e-05,1.4159000424032604,0.8678553991995749,50.35197247300193
SYM4 LVL:5 THR:3.0 hard,F3-C3,3.871011896763764,2.6102666340901813e-05,2.4649585109958987,0.8601304564156312,51.33527535398782
SYM4 LVL:5 THR:3.0 soft,FP1-F7,3.5566280213634083,3.604749344467642e-05,1.3073296928414362,0.8699415005852169,50.50607624080189
SYM4 LVL:5 THR:3.0 soft,F7-T7,3.246335455369173,2.7294922154455396e-05,2.1374902166612664,0.8639306649709946,51.619883965113125
SYM4 LVL:5 THR:3.0 soft,T7-P7,2.3839268201644486,3.286457914416451e-05,2.5700809503944964,0.8414463420664752,55.23115919650519
SYM4 LVL:5 THR:3.0 soft,P7-O1,2.466542192034918,3.084422655752454e-05,2.391774169593538,0.834707235097441,55.84125242809732
SYM4 LVL:5 THR:3.0 soft,FP1-F3,3.6898244381000844,3.560433549703683e-05,1.4260603962332004,0.8666348697552678,50.7132930754738
SYM4 LVL:5 THR:3.0 soft,F3-C3,3.6515179052154387,2.6327572429988427e-05,2.486197114410147,0.8583274781197582,51.777590934368135
SYM4 LVL:5 THR:4.0 hard,FP1-F7,3.70550940954607,3.5867839190049435e-05,1.3008141956715815,0.8703277493598489,50.25436299768554
SYM4 LVL:5 THR:4.0 hard,F7-T7,3.9602163799278625,2.6585614336092346e-05,2.081943675301928,0.8675543699409239,50.27844810857336
SYM4 LVL:5 THR:4.0 hard,T7-P7,2.964575143202471,3.2314545114728146e-05,2.5270671033306997,0.8434020452045484,54.30678962189316
SYM4 LVL:5 THR:4.0 hard,P7-O1,2.6669176264269696,3.068735828892126e-05,2.379610030149988,0.8352721596925177,55.55725371706798
SYM4 LVL:5 THR:4.0 hard,FP1-F3,3.8350042066443555,3.543239077941296e-05,1.4191734947162404,0.8671959402760487,50.46838237187804
SYM4 LVL:5 THR:4.0 hard,F3-C3,3.839276557564943,2.616962288348231e-05,2.4712814320854597,0.8593497639184198,51.4669566353263
SYM4 LVL:5 THR:4.0 soft,FP1-F7,3.4896662432187755,3.620854015198801e-05,1.3131703525457208,0.8687950318876475,50.73171848386916
SYM4 LVL:5 THR:4.0 soft,F7-T7,2.9266651241331876,2.7882274479185056e-05,2.1834863122258024,0.8579539555020239,52.730678811041464
SYM4 LVL:5 THR:4.0 soft,T7-P7,2.1416137738166054,3.3318369691312104e-05,2.6055683496268767,0.8372382636890587,55.993785057053536
SYM4 LVL:5 THR:4.0 soft,P7-O1,2.384262817817164,3.098359937939113e-05,2.402581648090759,0.8332650715613107,56.093576891897825
SYM4 LVL:5 THR:4.0 soft,FP1-F3,3.62367686907193,3.576266890645275e-05,1.4324021240429334,0.8654459914675865,50.93881641366437
SYM4 LVL:5 THR:4.0 soft,F3-C3,3.5674402688937876,2.6472527251820945e-05,2.4998856632012743,0.8567423088007142,52.062668925845216
SYM8 LVL:2 THR:0.5 hard,FP1-F7,5.333668130710284,3.124629069834799e-05,1.1332051057530106,0.904042567407611,43.77911997334961
SYM8 LVL:2 THR:0.5 hard,F7-T7,4.69567712529133,2.5082599299476406e-05,1.9642411986990804,0.8829375290908843,47.43596109399616
SYM8 LVL:2 THR:0.5 hard,T7-P7,4.157958977630707,2.94569078633161e-05,2.303593708744545,0.8718822145059537,49.5043359751795
SYM8 LVL:2 THR:0.5 hard,P7-O1,5.113345512703926,2.5099974092612383e-05,1.9463438183549442,0.8939053649574145,45.44169673472791
SYM8 LVL:2 THR:0.5 hard,FP1-F3,5.951912943007094,2.9492823986204526e-05,1.1812760348610687,0.9107205820264859,42.008317401689226
SYM8 LVL:2 THR:0.5 hard,F3-C3,8.652134752791072,1.6756332192015842e-05,1.5823541974737982,0.9455530412250279,32.954140230959446
SYM8 LVL:2 THR:0.5 soft,FP1-F7,5.331824357923179,3.125277664714708e-05,1.133440330803105,0.9039938775275521,43.788207424188414
SYM8 LVL:2 THR:0.5 soft,F7-T7,4.68601968297005,2.5109739403152234e-05,1.9663665649396571,0.882640851301907,47.487288186801905
SYM8 LVL:2 THR:0.5 soft,T7-P7,4.1517362968191565,2.947732958720943e-05,2.305190731585526,0.8716713671192027,49.53865607033337
SYM8 LVL:2 THR:0.5 soft,P7-O1,5.111925794912823,2.5103924403791693e-05,1.9466501399358376,0.8938661735408073,45.44884848882757
SYM8 LVL:2 THR:0.5 soft,FP1-F3,5.950281935106899,2.9498258505838244e-05,1.1814937036678026,0.9106818764716124,42.01605809908076
SYM8 LVL:2 THR:0.5 soft,F3-C3,8.650306200906758,1.675983801346427e-05,1.582685263438649,0.9455277269474787,32.96103501737883
SYM8 LVL:2 THR:1.0 hard,FP1-F7,5.332948414758204,3.124883979427016e-05,1.1332975534787886,0.9040233784690958,43.78269150692067
SYM8 LVL:2 THR:1.0 hard,F7-T7,4.691618386392643,2.50941137582552e-05,1.9651429064544843,0.8828113939950964,47.457737123351315
SYM8 LVL:2 THR:1.0 hard,T7-P7,4.1555202674367315,2.9464960485149044e-05,2.3042234411346296,0.8717989635081934,49.51786895354059
SYM8 LVL:2 THR:1.0 hard,P7-O1,5.112499441333402,2.5102372181807987e-05,1.9465297749644814,0.8938814404920198,45.44603830263422
SYM8 LVL:2 THR:1.0 hard,FP1-F3,5.9511875629875615,2.9495251845171516e-05,1.1813732778926302,0.9107032617400849,42.01177554018894
SYM8 LVL:2 THR:1.0 hard,F3-C3,8.650963580854969,1.6758581037662863e-05,1.582566563181774,0.9455367929747781,32.95856296345009
SYM8 LVL:2 THR:1.0 soft,FP1-F7,5.330244642475327,3.125835157988839e-05,1.1336425161539256,0.9039519660860994,43.7960184521175
SYM8 LVL:2 THR:1.0 soft,F7-T7,4.677739255531757,2.5133107466895884e-05,1.9681965392972216,0.8823849247175385,47.53148163538955
SYM8 LVL:2 THR:1.0 soft,T7-P7,4.146332604724961,2.949516883479391e-05,2.306585799210921,0.8714868163527704,49.56863613850835
SYM8 LVL:2 THR:1.0 soft,P7-O1,5.110828104219554,2.5106978451097057e-05,1.946886961937001,0.8938358704811764,45.454377621684515
SYM8 LVL:2 THR:1.0 soft,FP1-F3,5.948924400918614,2.9502795724306575e-05,1.181675432872306,0.9106495212183464,42.02252071906003
SYM8 LVL:2 THR:1.0 soft,F3-C3,8.648931401066038,1.6762480236865025e-05,1.5829347770697313,0.945508626576534,32.96623139326063
SYM8 LVL:2 THR:2.0 hard,FP1-F7,5.331588324513077,3.125365393542689e-05,1.1334721473015017,0.9039871454642467,43.78943659117096
SYM8 LVL:2 THR:2.0 hard,F7-T7,4.682443112795224,2.5120062047273173e-05,1.9671749406035892,0.8825271902457729,47.506810268188346
SYM8 LVL:2 THR:2.0 hard,T7-P7,4.149201264285859,2.9485875805562936e-05,2.3058590642877923,0.871582519550541,49.55301857119912
SYM8 LVL:2 THR:2.0 hard,P7-O1,5.1113198117374425,2.5105710860056773e-05,1.9467886682903082,0.8938481373433823,45.45208273933031
SYM8 LVL:2 THR:2.0 hard,FP1-F3,5.9499027132069395,2.9499550884226175e-05,1.181545467297435,0.9106725947023115,42.01789890759569
SYM8 LVL:2 THR:2.0 hard,F3-C3,8.649301004276168,1.676176838965978e-05,1.5828675550547777,0.9455137769519055,32.96483142622991
SYM8 LVL:2 THR:2.0 soft,FP1-F7,5.32806892438453,3.1266037406348915e-05,1.133921257008995,0.9038941542563916,43.80678704932342
SYM8 LVL:2 THR:2.0 soft,F7-T7,4.667394027145946,2.5162340784689737e-05,1.9704858270420746,0.8820643844817697,47.586767393813574
SYM8 LVL:2 THR:2.0 soft,T7-P7,4.139545042295524,2.9517634658355592e-05,2.3083426750533746,0.8712541259031116,49.60639148210101
SYM8 LVL:2 THR:2.0 soft,P7-O1,5.109643263692627,2.5110228720867277e-05,1.947138999745961,0.8938037592613497,45.46026200119261
SYM8 LVL:2 THR:2.0 soft,FP1-F3,5.947144924748251,2.9508749547289104e-05,1.1819139013352906,0.9106070424319043,42.03100108993671
SYM8 LVL:2 THR:2.0 soft,F3-C3,8.647590757541545,1.676505933702991e-05,1.5831783297711726,0.9454899730037084,32.97130362670226
SYM8 LVL:2 THR:3.0 hard,FP1-F7,5.330304567661712,3.1258193907190283e-05,1.1336367978589683,0.9039529849279626,43.795797537192485
SYM8 LVL:2 THR:3.0 hard,F7-T7,4.674956604023362,2.5141272056968393e-05,1.9688359157828652,0.8822946043945704,47.5469224265294
SYM8 LVL:2 THR:3.0 hard,T7-P7,4.144024384772155,2.9502869007292093e-05,2.3071879693030897,0.8714069273148733,49.581576801804914
SYM8 LVL:2 THR:3.0 hard,P7-O1,5.110627105782464,2.510767462701677e-05,1.946940945964746,0.8938285375365195,45.455637998085734
SYM8 LVL:2 THR:3.0 hard,FP1-F3,5.9486761859537705,2.950365011532368e-05,1.181709653794432,0.9106433624681953,42.02373767709188
SYM8 LVL:2 THR:3.0 hard,F3-C3,8.648251484754692,1.6763787304974922e-05,1.5830582077039763,0.9454991762383437,32.96880196212327
SYM8 LVL:2 THR:3.0 soft,FP1-F7,5.326563759242047,3.127135723793799e-05,1.1341141906399554,0.9038541254526581,43.814240655501024
SYM8 LVL:2 THR:3.0 soft,F7-T7,4.661508099136751,2.5178963615489813e-05,1.9717875760636439,0.8818820077449304,47.61820432527709
SYM8 LVL:2 THR:3.0 soft,T7-P7,4.135842130337165,2.9529885117960355e-05,2.309300687408429,0.8711271940912608,49.62697921218247
SYM8 LVL:2 THR:3.0 soft,P7-O1,5.108959896974097,2.5112058182969516e-05,1.9472808629303797,0.8937858255641722,45.46357411066854
SYM8 LVL:2 THR:3.0 soft,FP1-F3,5.946020796758889,2.9512514994926266e-05,1.1820647188038511,0.9105801628049827,42.03636443254423
SYM8 LVL:2 THR:3.0 soft,F3-C3,8.646976830013482,1.6766242326298498e-05,1.5832900432424302,0.9454814103785286,32.97363017369369
SYM8 LVL:2 THR:4.0 hard,FP1-F7,5.329042395526069,3.1262656460084845e-05,1.133798640676525,0.9039194073883576,43.80205001178041
SYM8 LVL:2 THR:4.0 hard,F7-T7,4.668742075830848,2.515891532453743e-05,1.9702175761373206,0.8821009092040567,47.580289197811084
SYM8 LVL:2 THR:4.0 hard,T7-P7,4.140043185285873,2.951615535492536e-05,2.3082269903355144,0.8712690282092797,49.60390541213198
SYM8 LVL:2 THR:4.0 hard,P7-O1,5.110202097239103,2.5108881730916464e-05,1.947034549217268,0.8938164824302819,45.45782337282496
SYM8 LVL:2 THR:4.0 hard,FP1-F3,5.947590280459796,2.9507278300980206e-05,1.1818549735090882,0.9106174903174759,42.02890550960337
SYM8 LVL:2 THR:4.0 hard,F3-C3,8.647657637573154,1.6764931382353045e-05,1.5831662466006016,0.9454908963100671,32.97105198234976
SYM8 LVL:2 THR:4.0 soft,FP1-F7,5.3254960384361585,3.1275134714365065e-05,1.1342511878795751,0.9038256879651594,43.81953327072034
SYM8 LVL:2 THR:4.0 soft,F7-T7,4.657960533307696,2.5188945277786246e-05,1.972569249130301,0.8817725487929577,47.63708154524515
SYM8 LVL:2 THR:4.0 soft,T7-P7,4.133718130416014,2.9536938523411093e-05,2.3098522789229543,0.871054024983838,49.6388329394923
SYM8 LVL:2 THR:4.0 soft,P7-O1,5.108474424285335,2.5113324082864533e-05,1.9473790254394816,0.893773524457005,45.46586593132595
SYM8 LVL:2 THR:4.0 soft,FP1-F3,5.945288568423088,2.95149708904769e-05,1.1821630847846554,0.9105626218249676,42.039862505154865
SYM8 LVL:2 THR:4.0 soft,F3-C3,8.646648213862383,1.6766876622225133e-05,1.5833499418413868,0.9454768157900904,32.97487762311607
SYM8 LVL:3 THR:0.5 hard,FP1-F7,5.263483198933958,3.1437509712318276e-05,1.140140020525459,0.9027757331325343,44.04703657934321
SYM8 LVL:3 THR:0.5 hard,F7-T7,4.71561140722829,2.503248076249167e-05,1.9603163704151951,0.8834680823343192,47.341177417786575
SYM8 LVL:3 THR:0.5 hard,T7-P7,3.8390334926759495,3.023160689832967e-05,2.3641768436583814,0.8644577110776288,50.80627036309667
SYM8 LVL:3 THR:0.5 hard,P7-O1,4.703691814132625,2.6022984506294385e-05,2.017917422627148,0.8852439663367863,47.11274066277238
SYM8 LVL:3 THR:0.5 hard,FP1-F3,5.72851525967435,3.0098323512846224e-05,1.2055281064930061,0.9067372050611244,42.87076503687109
SYM8 LVL:3 THR:0.5 hard,F3-C3,8.06657836649359,1.777399218285497e-05,1.6784550947138714,0.9383669548799409,34.95553944298563
SYM8 LVL:3 THR:0.5 soft,FP1-F7,5.256387893949186,3.1443332248971835e-05,1.1403511856947248,0.9027914047050231,44.05519452465474
SYM8 LVL:3 THR:0.5 soft,F7-T7,4.678853737305378,2.5051792348251678e-05,1.9618286782868442,0.8834961989956799,47.37769929575615
SYM8 LVL:3 THR:0.5 soft,T7-P7,3.8124853626367967,3.0245317393498798e-05,2.365249033942641,0.8645037856331791,50.82931178218887
SYM8 LVL:3 THR:0.5 soft,P7-O1,4.696666907259527,2.602811627939012e-05,2.0183153590873704,0.8852359400577876,47.122031368645914
SYM8 LVL:3 THR:0.5 soft,FP1-F3,5.722137606791426,3.010382883930649e-05,1.2057486113254576,0.9067393809025409,42.87860658847873
SYM8 LVL:3 THR:0.5 soft,F3-C3,8.060394510889944,1.7778966105749764e-05,1.67892479820747,0.9383510260786946,34.96532149735736
SYM8 LVL:3 THR:1.0 hard,FP1-F7,5.262659363826692,3.1439192663795415e-05,1.1402010559048275,0.9027668045531029,44.04939455953799
SYM8 LVL:3 THR:1.0 hard,F7-T7,4.7116728526302145,2.50382906822984e-05,1.9607713505274738,0.8834193876838039,47.35216508005479
SYM8 LVL:3 THR:1.0 hard,T7-P7,3.8364865867853206,3.0235745970496702e-05,2.364500528026349,0.8644245397223387,50.81322635522365
SYM8 LVL:3 THR:1.0 hard,P7-O1,4.702716270063179,2.6024579246308725e-05,2.0180410846021504,0.8852310145169425,47.11562782480032
SYM8 LVL:3 THR:1.0 hard,FP1-F3,5.727707404794105,3.009998152580815e-05,1.2055945148836822,0.9067279323799282,42.87312663963905
SYM8 LVL:3 THR:1.0 hard,F3-C3,8.06553548416819,1.7775519244428394e-05,1.678599300036541,0.9383569044792512,34.95854266592578
SYM8 LVL:3 THR:1.0 soft,FP1-F7,5.248339364260142,3.145491919652313e-05,1.1407714079941325,0.9027562244083764,44.07142897538908
SYM8 LVL:3 THR:1.0 soft,F7-T7,4.638936627556285,2.5088036454325423e-05,1.9646669872479716,0.8833229490654072,47.44624378690212
SYM8 LVL:3 THR:1.0 soft,T7-P7,3.7844285021637347,3.0271139788762494e-05,2.3672684009295013,0.8644057728643487,50.872708072687146
SYM8 LVL:3 THR:1.0 soft,P7-O1,4.688776758135743,2.6038125488035748e-05,2.019091509744027,0.8851701091178401,47.14015232057005
SYM8 LVL:3 THR:1.0 soft,FP1-F3,5.714683649633571,3.011515205774115e-05,1.206202140176429,0.9066934963684969,42.89473489664733
SYM8 LVL:3 THR:1.0 soft,F3-C3,8.051977552289834,1.778971674733711e-05,1.6799400157769435,0.9382868282987137,34.98646443880674
SYM8 LVL:3 THR:2.0 hard,FP1-F7,5.259086821152737,3.144781541791893e-05,1.1405137761919408,0.9027139611783357,44.06147588435566
SYM8 LVL:3 THR:2.0 hard,F7-T7,4.6983682656365024,2.5060821161656865e-05,1.9625357328888846,0.8832150234105549,47.39477449742484
SYM8 LVL:3 THR:2.0 hard,T7-P7,3.8275105432123393,3.0252331068722548e-05,2.36579751846775,0.8642811775395899,50.8410987401516
SYM8 LVL:3 THR:2.0 hard,P7-O1,4.698817798670747,2.6032228486476295e-05,2.0186342346691712,0.8851621229593515,47.12947622363385
SYM8 LVL:3 THR:2.0 hard,FP1-F3,5.724097051911764,3.0108664888371804e-05,1.2059423095914135,0.9066738460487989,42.88549484998264
SYM8 LVL:3 THR:2.0 hard,F3-C3,8.060394746739707,1.778398341120092e-05,1.679398598455022,0.9382973406103989,34.975188870809035
SYM8 LVL:3 THR:2.0 soft,FP1-F7,5.231809726428459,3.148540021111808e-05,1.1418768589323252,0.9026127332019457,44.11413586843261
SYM8 LVL:3 THR:2.0 soft,F7-T7,4.558289238014414,2.5183659423668257e-05,1.9721553090794752,0.8826713338714556,47.627084990769454
SYM8 LVL:3 THR:2.0 soft,T7-P7,3.728959149965982,3.033885614672524e-05,2.372563966129552,0.8639954489630176,50.98651001521141
SYM8 LVL:3 THR:2.0 soft,P7-O1,4.672882356940031,2.6063975031475258e-05,2.0210959779118087,0.8849610942266553,47.18695105866338
SYM8 LVL:3 THR:2.0 soft,FP1-F3,5.699071077914919,3.0145390515289377e-05,1.2074132810712308,0.9065325785609233,42.9378052626122
SYM8 LVL:3 THR:2.0 soft,F3-C3,8.032785193760693,1.7819007451406866e-05,1.6827060309168096,0.9380891355609415,35.04406952554751
SYM8 LVL:3 THR:3.0 hard,FP1-F7,5.253909784008693,3.146095598530928e-05,1.1409903434172477,0.902630479415229,44.07988710896641
SYM8 LVL:3 THR:3.0 hard,F7-T7,4.6818604728431845,2.5090511409187024e-05,1.964860803217602,0.8829373954209515,47.45092439679915
SYM8 LVL:3 THR:3.0 hard,T7-P7,3.816982295745075,3.0273210034443847e-05,2.3674302986055658,0.8640940436585295,50.87618726127804
SYM8 LVL:3 THR:3.0 hard,P7-O1,4.693313475010521,2.6043800889919113e-05,2.019531601169285,0.8850544605891174,47.15042722724048
SYM8 LVL:3 THR:3.0 hard,FP1-F3,5.718594456136403,3.0122604201394775e-05,1.2065006208750046,0.9065843835378647,42.90534941142119
SYM8 LVL:3 THR:3.0 hard,F3-C3,8.051668959919505,1.7798974515723222e-05,1.6808142565413984,0.9381895105650231,35.00467139448927
SYM8 LVL:3 THR:3.0 soft,FP1-F7,5.2158866159712405,3.151883296681774e-05,1.1430893602760526,0.9024309280285512,44.16097844046606
SYM8 LVL:3 THR:3.0 soft,F7-T7,4.477817839009362,2.5298519813634984e-05,1.9811501308432629,0.8817518541081516,47.84430781224221
SYM8 LVL:3 THR:3.0 soft,T7-P7,3.674592185175334,3.04199902778707e-05,2.3789088301233687,0.8633979798757316,51.12286143763212
SYM8 LVL:3 THR:3.0 soft,P7-O1,4.657931409913652,2.609170605770998e-05,2.023246343138858,0.8847182940660272,47.2371560859535
SYM8 LVL:3 THR:3.0 soft,FP1-F3,5.684048063654716,3.0178220250379903e-05,1.2087282104015458,0.9063404297665284,42.98456653350784
SYM8 LVL:3 THR:3.0 soft,F3-C3,8.01383768744141,1.7850412133841737e-05,1.685671675814613,0.9378669558073521,35.105832105628174
SYM8 LVL:3 THR:4.0 hard,FP1-F7,5.247935711348768,3.1476322749076496e-05,1.1415476478130884,0.9025319367711778,44.10141745319388
SYM8 LVL:3 THR:4.0 hard,F7-T7,4.662342721853811,2.512658822649898e-05,1.9676860116434114,0.8825953280383829,47.519152513110875
SYM8 LVL:3 THR:4.0 hard,T7-P7,3.805322237587979,3.029721367357246e-05,2.3693074349411316,0.8638749529084249,50.916527008462765
SYM8 LVL:3 THR:4.0 hard,P7-O1,4.687289800629878,2.6056633606502374e-05,2.0205266969611126,0.8849343133348903,47.173659937087415
SYM8 LVL:3 THR:4.0 hard,FP1-F3,5.7122213216849556,3.013913067636921e-05,1.2071625557523553,0.9064769226143452,42.928889015718894
SYM8 LVL:3 THR:4.0 hard,F3-C3,8.041336505348978,1.7817007044191015e-05,1.6825171260467948,0.9380587193932807,35.04013538893845
SYM8 LVL:3 THR:4.0 soft,FP1-F7,5.20090413218003,3.155242013414027e-05,1.1443074616457518,0.9022368956161847,44.20803735833805
SYM8 LVL:3 THR:4.0 soft,F7-T7,4.398043422744597,2.5426457838163767e-05,1.991169074081927,0.8806376526370162,48.08626292548745
SYM8 LVL:3 THR:4.0 soft,T7-P7,3.62098747929857,3.051137679768431e-05,2.3860554530168345,0.8626541665255852,51.27644269610797
SYM8 LVL:3 THR:4.0 soft,P7-O1,4.644090119789965,2.6119218050034516e-05,2.0253797236751847,0.8844684181572767,47.28696456811236
SYM8 LVL:3 THR:4.0 soft,FP1-F3,5.670082798299254,3.021049051616332e-05,1.2100207313085425,0.9061441425491819,43.030530920244786
SYM8 LVL:3 THR:4.0 soft,F3-C3,7.996692308584311,1.7879794307665072e-05,1.6884463287367133,0.9376552321220413,35.163617082994875
SYM8 LVL:4 THR:0.5 hard,FP1-F7,5.168506083586672,3.170340364819444e-05,1.1497831608467377,0.9009728876112284,44.41958007998741
SYM8 LVL:4 THR:0.5 hard,F7-T7,5.985399245867579,2.235231702489691e-05,1.7504303067825144,0.9086414961911694,42.272478545547365
SYM8 LVL:4 THR:0.5 hard,T7-P7,4.065371640089967,2.9675020783163195e-05,2.320650609363139,0.8698395448172649,49.87088956304214
SYM8 LVL:4 THR:0.5 hard,P7-O1,4.064849290140767,2.7475842826289077e-05,2.1305773719814187,0.8708286187663352,49.743036093840445
SYM8 LVL:4 THR:0.5 hard,FP1-F3,5.533140539845229,3.063512693265621e-05,1.2270286930611023,0.9031150017898382,43.635364874860095
SYM8 LVL:4 THR:0.5 hard,F3-C3,7.09770098084512,1.9550011062071395e-05,1.8461702543393104,0.9246534861536478,38.44837871877994
SYM8 LVL:4 THR:0.5 soft,FP1-F7,5.15626210857231,3.171110582092704e-05,1.1500624945299016,0.9010250245212227,44.43037157992483
SYM8 LVL:4 THR:0.5 soft,F7-T7,5.925724199925582,2.2379888248978775e-05,1.7525894344547925,0.908763746540149,42.32462096895595
SYM8 LVL:4 THR:0.5 soft,T7-P7,4.019825618516516,2.969277741617796e-05,2.322039216351052,0.8700004862946845,49.90073079181707
SYM8 LVL:4 THR:0.5 soft,P7-O1,4.0509946997736535,2.7482269239864302e-05,2.1310756996008093,0.8708600124078606,49.75467065313122
SYM8 LVL:4 THR:0.5 soft,FP1-F3,5.52173783519417,3.064245926764764e-05,1.2273223750635105,0.9031435691946692,43.64580873929842
SYM8 LVL:4 THR:0.5 soft,F3-C3,7.085935930623645,1.9556309876076784e-05,1.84676507155028,0.92465405877523,38.460766393937234
SYM8 LVL:4 THR:1.0 hard,FP1-F7,5.167549295599912,3.1705424943893864e-05,1.1498564669114137,0.9009616985443109,44.42241211364481
SYM8 LVL:4 THR:1.0 hard,F7-T7,5.980356767884929,2.236005794565756e-05,1.751036505338429,0.9085835275917712,42.28711809751922
SYM8 LVL:4 THR:1.0 hard,T7-P7,4.062406565265533,2.96800254871121e-05,2.3210419880028903,0.8697995299761345,49.879300308219214
SYM8 LVL:4 THR:1.0 hard,P7-O1,4.063775403111432,2.7477601716514733e-05,2.130713762764343,0.8708132315723608,49.74622043801264
SYM8 LVL:4 THR:1.0 hard,FP1-F3,5.53220926660344,3.0637117252490416e-05,1.2271084113384347,0.9031033000996906,43.63819980132781
SYM8 LVL:4 THR:1.0 hard,F3-C3,7.096652150482926,1.9551609337255715e-05,1.8463211845916858,0.9246416998889897,38.45152199524093
SYM8 LVL:4 THR:1.0 soft,FP1-F7,5.14236318333544,3.172840930293351e-05,1.1506900376308198,0.9009930093587251,44.45461545648705
SYM8 LVL:4 THR:1.0 soft,F7-T7,5.857317399491826,2.2439365803997577e-05,1.7572471759659865,0.9085735785193659,42.43710432652793
SYM8 LVL:4 THR:1.0 soft,T7-P7,3.9709696611110434,2.973129789632387e-05,2.3250516009548154,0.8699321446822039,49.965467077102566
SYM8 LVL:4 THR:1.0 soft,P7-O1,4.035858781955907,2.7496537684269788e-05,2.1321821269805223,0.8707929298209529,49.78050264487583
SYM8 LVL:4 THR:1.0 soft,FP1-F3,5.508542740118091,3.0659366306488294e-05,1.2279995526648237,0.9030923840013207,43.66989040249463
SYM8 LVL:4 THR:1.0 soft,F3-C3,7.071150460640693,1.9571496566526538e-05,1.8481991994431581,0.9245724022320587,38.490633570177856
SYM8 LVL:4 THR:2.0 hard,FP1-F7,5.162867781989906,3.17171018422876e-05,1.1502799514461668,0.9008877743547314,44.43877259433774
SYM8 LVL:4 THR:2.0 hard,F7-T7,5.9598691991680885,2.2396264493885795e-05,1.7538718731104634,0.9082886683477209,42.355591559643145
SYM8 LVL:4 THR:2.0 hard,T7-P7,4.050406246081821,2.9703583109411647e-05,2.3228842448607394,0.8695946379147272,49.91889049380504
SYM8 LVL:4 THR:2.0 hard,P7-O1,4.05892689780968,2.748740281499083e-05,2.1314737757970916,0.8707175067425772,49.76396462145182
SYM8 LVL:4 THR:2.0 hard,FP1-F3,5.527621709966899,3.064848330406634e-05,1.2275636557851486,0.903029934425144,43.654389119191315
SYM8 LVL:4 THR:2.0 hard,F3-C3,7.091055015576001,1.956142386107779e-05,1.8472480015578392,0.9245641533575225,38.4708239039538
SYM8 LVL:4 THR:2.0 soft,FP1-F7,5.112755285794969,3.177876885107986e-05,1.1525164207248577,0.9007803202153449,44.5251741260388
SYM8 LVL:4 THR:2.0 soft,F7-T7,5.710305447714971,2.2610271850833645e-05,1.770630984170793,0.907646125920773,42.76032013409433
SYM8 LVL:4 THR:2.0 soft,T7-P7,3.8707551493949834,2.9842545399339044e-05,2.333751395558119,0.8693906004084585,50.15242606788386
SYM8 LVL:4 THR:2.0 soft,P7-O1,4.004603620895152,2.7537725339245847e-05,2.1353759684306928,0.8704894425305562,49.85506993007425
SYM8 LVL:4 THR:2.0 soft,FP1-F3,5.479924867290392,3.070939554933817e-05,1.2300033738536136,0.9028470125734251,43.74114991680858
SYM8 LVL:4 THR:2.0 soft,F3-C3,7.036918293460888,1.9617780905760997e-05,1.8525699780613956,0.9242563278499802,38.58165949328271
SYM8 LVL:4 THR:3.0 hard,FP1-F7,5.155115538177499,3.173742848821425e-05,1.1510171352344531,0.9007546706530918,44.4672522202642
SYM8 LVL:4 THR:3.0 hard,F7-T7,5.929477971754318,2.2453327173055846e-05,1.7583405034942494,0.9078085936558543,42.46350792814672
SYM8 LVL:4 THR:3.0 hard,T7-P7,4.0334552748360775,2.973974531839455e-05,2.325712207574744,0.8692673652475295,49.97966354409943
SYM8 LVL:4 THR:3.0 hard,P7-O1,4.051063641920488,2.7504442509559444e-05,2.132795096052958,0.8705460313290394,49.79481376217931
SYM8 LVL:4 THR:3.0 hard,FP1-F3,5.519641711390088,3.0669293978570735e-05,1.2283971856998437,0.9028917830493352,43.68403095411133
SYM8 LVL:4 THR:3.0 hard,F3-C3,7.080726246307137,1.958033430295333e-05,1.8490337752423753,0.9244118518091958,38.508014462499354
SYM8 LVL:4 THR:3.0 soft,FP1-F7,5.082845784176353,3.183922898264108e-05,1.1547091203461057,0.9004620036973782,44.609884704288746
SYM8 LVL:4 THR:3.0 soft,F7-T7,5.557340659278291,2.2823012795656964e-05,1.7872909213440848,0.9062418660524625,43.16265368259341
SYM8 LVL:4 THR:3.0 soft,T7-P7,3.769795815772291,2.998213543192394e-05,2.3446676370848296,0.868493670144161,50.38701660616892
SYM8 LVL:4 THR:3.0 soft,P7-O1,3.9737971033290376,2.758664408003474e-05,2.139169306558647,0.8700720679643313,49.94363378975679
SYM8 LVL:4 THR:3.0 soft,FP1-F3,5.450761598617855,3.076967002038635e-05,1.2324175471520553,0.9025026601133992,43.82700229609229
SYM8 LVL:4 THR:3.0 soft,F3-C3,7.000420582297239,1.967463961586747e-05,1.8579393284400418,0.9238323076383578,38.69348169188372
SYM8 LVL:4 THR:4.0 hard,FP1-F7,5.1449621729909225,3.1764483490489665e-05,1.1519983354354832,0.9005755667966762,44.50515893379796
SYM8 LVL:4 THR:4.0 hard,F7-T7,5.891465919668814,2.2526125249098244e-05,1.7640413871403668,0.9071885880424881,42.60118292193961
SYM8 LVL:4 THR:4.0 hard,T7-P7,4.0127596334605435,2.9785701914554353e-05,2.329306112484257,0.8688436059442082,50.056896727810596
SYM8 LVL:4 THR:4.0 hard,P7-O1,4.041031144130442,2.752651891856174e-05,2.134506981572622,0.8703223076710439,49.83478151191373
SYM8 LVL:4 THR:4.0 hard,FP1-F3,5.508999772344721,3.069764924268014e-05,1.2295328990506664,0.9027013264419593,43.72441897986545
SYM8 LVL:4 THR:4.0 hard,F3-C3,7.066731962142386,1.960637157467202e-05,1.8514925583294324,0.9242005374339702,38.55922112835062
SYM8 LVL:4 THR:4.0 soft,FP1-F7,5.053790034519268,3.190327721479655e-05,1.1570319491386085,0.9000946960618718,44.699622563629724
SYM8 LVL:4 THR:4.0 soft,F7-T7,5.403145618334606,2.306043293729007e-05,1.8058835088996517,0.9045171588757475,43.61166028143
SYM8 LVL:4 THR:4.0 soft,T7-P7,3.669412062008317,3.0139963127330284e-05,2.3570101031675126,0.8673484710078104,50.652256776516666
SYM8 LVL:4 THR:4.0 soft,P7-O1,3.944264037144401,2.7638192654557172e-05,2.1431665716154376,0.8696048545732936,50.0369587741537
SYM8 LVL:4 THR:4.0 soft,FP1-F3,5.422449764702298,3.083308002214692e-05,1.2349573078574154,0.9021179495859589,43.91732079125049
SYM8 LVL:4 THR:4.0 soft,F3-C3,6.964111279277441,1.9735189159205697e-05,1.8636572160396931,0.9233632103420353,38.812562533634946
SYM8 LVL:5 THR:0.5 hard,FP1-F7,3.8862533342241887,3.536293232350092e-05,1.2825028049011953,0.8742347949644704,49.546938922956436
SYM8 LVL:5 THR:0.5 hard,F7-T7,4.3474947700621644,2.5830344914667176e-05,2.0227978389407064,0.8752753352257512,48.85009012770982
SYM8 LVL:5 THR:0.5 hard,T7-P7,3.2272062972257842,3.174365522462224e-05,2.4824222829939533,0.8491575319949599,53.34737035576469
SYM8 LVL:5 THR:0.5 hard,P7-O1,2.7701341143429614,3.0468777989523915e-05,2.3626605140677612,0.8377892746931503,55.16152981549136
SYM8 LVL:5 THR:0.5 hard,FP1-F3,4.042997807061824,3.4847735249336126e-05,1.3957562876474356,0.871888449190859,49.63562403413429
SYM8 LVL:5 THR:0.5 hard,F3-C3,3.9521831069337705,2.5936488921580753e-05,2.449265844249095,0.8620408712690045,51.00845956179825
SYM8 LVL:5 THR:0.5 soft,FP1-F7,3.8688416607638736,3.5370769338379924e-05,1.2827870288867071,0.8743421983535693,49.55791934997521
SYM8 LVL:5 THR:0.5 soft,F7-T7,4.27156302304444,2.585774714666348e-05,2.0249437326888304,0.8755136449973073,48.90191295497527
SYM8 LVL:5 THR:0.5 soft,T7-P7,3.166223472039161,3.176254542470775e-05,2.4838995373709514,0.8494383645812625,53.37911662105537
SYM8 LVL:5 THR:0.5 soft,P7-O1,2.7473864866256834,3.047521480345257e-05,2.363159648168606,0.8378959776352803,55.17318320387354
SYM8 LVL:5 THR:0.5 soft,FP1-F3,4.02636880309656,3.4855075191020054e-05,1.3960502743206873,0.8719619910934929,49.64607873322017
SYM8 LVL:5 THR:0.5 soft,F3-C3,3.932788587209673,2.5941973316678974e-05,2.4497837532702835,0.8620902622890677,51.01924554545373
SYM8 LVL:5 THR:1.0 hard,FP1-F7,3.88534012684645,3.536484131208245e-05,1.2825720379384316,0.8742227654382602,49.549613603319145
SYM8 LVL:5 THR:1.0 hard,F7-T7,4.342810475388758,2.583752965293393e-05,2.023360482338901,0.8752110385111784,48.86367783290827
SYM8 LVL:5 THR:1.0 hard,T7-P7,3.2242416193618495,3.1748563820783154e-05,2.48280614579746,0.8491147287013074,53.3556195852712
SYM8 LVL:5 THR:1.0 hard,P7-O1,2.7690883403946747,3.047041938322841e-05,2.3627877937405786,0.8377729182582637,55.16450144066781
SYM8 LVL:5 THR:1.0 hard,FP1-F3,4.042137469493403,3.4849541503150586e-05,1.3958286335287557,0.8718761300541379,49.63819678483397
SYM8 LVL:5 THR:1.0 hard,F3-C3,3.9513609570199226,2.5937735233359715e-05,2.4493835374681243,0.8620280135412848,51.01091064313662
SYM8 LVL:5 THR:1.0 soft,FP1-F7,3.850071811589211,3.538911052595568e-05,1.2834522063187126,0.8743434177235212,49.58361715388687
SYM8 LVL:5 THR:1.0 soft,F7-T7,4.18868143621871,2.591889283107898e-05,2.029732106932567,0.8753643007098644,49.0175510621893
SYM8 LVL:5 THR:1.0 soft,T7-P7,3.1019746061036857,3.1805164192096156e-05,2.487232416873645,0.8494409467308521,53.45074035662984
SYM8 LVL:5 THR:1.0 soft,P7-O1,2.723665720571794,3.0490326720086767e-05,2.3643314814707415,0.8378782288599458,55.20054224138641
SYM8 LVL:5 THR:1.0 soft,FP1-F3,4.008344326264037,3.48726858834103e-05,1.3967556353565664,0.8719344700395937,49.671162650444884
SYM8 LVL:5 THR:1.0 soft,F3-C3,3.9118957760734614,2.5955618121376588e-05,2.451072275945745,0.8620320927966851,51.04608034451813
SYM8 LVL:5 THR:2.0 hard,FP1-F7,3.880919774508113,3.5376017097382824e-05,1.282977348670686,0.8741417839673983,49.565271975385926
SYM8 LVL:5 THR:2.0 hard,F7-T7,4.323763129010811,2.58720911824209e-05,2.0260670271948715,0.8748738115101844,48.929040252030724
SYM8 LVL:5 THR:2.0 hard,T7-P7,3.2120312654808183,3.1772491989551326e-05,2.4846773801881135,0.8488865453990594,53.39583249938515
SYM8 LVL:5 THR:2.0 hard,P7-O1,2.764449130985718,3.0479707024294858e-05,2.3635079914073205,0.8376687602174532,55.181316046418615
SYM8 LVL:5 THR:2.0 hard,FP1-F3,4.037924631151023,3.486020130700402e-05,1.3962555906365006,0.8717953511660244,49.65338015364003
SYM8 LVL:5 THR:2.0 hard,F3-C3,3.9472718626409002,2.594543204892993e-05,2.4501103724511712,0.8619420521969317,51.02604772306116
SYM8 LVL:5 THR:2.0 soft,FP1-F7,3.811037190003979,3.5444926829866105e-05,1.285476488854716,0.8741401630793478,49.66182127382399
SYM8 LVL:5 THR:2.0 soft,F7-T7,4.014805796150913,2.6101504448075423e-05,2.0440325889991504,0.8743237769095527,49.36290432704554
SYM8 LVL:5 THR:2.0 soft,T7-P7,2.9705997065852463,3.1933535728132504e-05,2.4972713477813753,0.8489097437808479,53.6664774488963
SYM8 LVL:5 THR:2.0 soft,P7-O1,2.6756021042749434,3.053634137546204e-05,2.3678996261912477,0.837604479416624,55.283848463424754
SYM8 LVL:5 THR:2.0 soft,FP1-F3,3.970569080304945,3.4927091290317814e-05,1.3989347350377896,0.8716812606208032,49.74865538572204
SYM8 LVL:5 THR:2.0 soft,F3-C3,3.8679921746441925,2.599899036494177e-05,2.455168056028926,0.861696657966482,51.131379142620226
SYM8 LVL:5 THR:3.0 hard,FP1-F7,3.873411668766029,3.539617655146316e-05,1.2837084689343221,0.8739903252909257,49.593517349126465
SYM8 LVL:5 THR:3.0 hard,F7-T7,4.294141309278399,2.5930147006084034e-05,2.030613431628559,0.8742872615231821,49.03883484547311
SYM8 LVL:5 THR:3.0 hard,T7-P7,3.1939492396903906,3.18115045461945e-05,2.4877282462349593,0.8484981825085013,53.46139575267285
SYM8 LVL:5 THR:3.0 hard,P7-O1,2.7568110950667544,3.0496303926705838e-05,2.3647949759393465,0.837476625343817,55.21136354381097
SYM8 LVL:5 THR:3.0 hard,FP1-F3,4.030490921421227,3.488022512304828e-05,1.3970576045104726,0.8716390540971765,49.68190122101472
SYM8 LVL:5 THR:3.0 hard,F3-C3,3.9397827581785085,2.596060005271287e-05,2.4515427357021617,0.8617687857600568,51.055878148834466
SYM8 LVL:5 THR:3.0 soft,FP1-F7,3.7716973819454203,3.551542463056823e-05,1.288033223299494,0.8737678117103638,49.760595611699515
SYM8 LVL:5 THR:3.0 soft,F7-T7,3.83637483047766,2.6336166895932502e-05,2.062409219043154,0.8725892959771505,49.80669560297613
SYM8 LVL:5 THR:3.0 soft,T7-P7,2.8380284430810154,3.210040257659623e-05,2.5103206951230144,0.8478718863580543,53.94690853038654
SYM8 LVL:5 THR:3.0 soft,P7-O1,2.628017496100447,3.0594470562270395e-05,2.3724071759995855,0.8371372764589154,55.389087172781004
SYM8 LVL:5 THR:3.0 soft,FP1-F3,3.9323291265609472,3.499610729299331e-05,1.4016990328893826,0.8712675296126545,49.84695882887636
SYM8 LVL:5 THR:3.0 soft,F3-C3,3.8231976508045893,2.6055304687338053e-05,2.4604859981298897,0.861177303289021,51.24213071139987
SYM8 LVL:5 THR:4.0 hard,FP1-F7,3.863213899745193,3.542409505125268e-05,1.2847209854858668,0.8737781225807013,49.63263390742649
SYM8 LVL:5 THR:4.0 hard,F7-T7,4.25530312392699,2.600823220608077e-05,2.0367283547675434,0.8734878574421306,49.18650879524352
SYM8 LVL:5 THR:4.0 hard,T7-P7,3.1707142288215073,3.1863815795756194e-05,2.491819098742155,0.8479676267374439,53.54930836337862
SYM8 LVL:5 THR:4.0 hard,P7-O1,2.7467661155092933,3.051853509531461e-05,2.3665188620850786,0.8372173371433193,55.251611474675386
SYM8 LVL:5 THR:4.0 hard,FP1-F3,4.020287725789505,3.4908431771522844e-05,1.398187365359496,0.8714161939397223,49.72207756501324
SYM8 LVL:5 THR:4.0 hard,F3-C3,3.929499549022326,2.5981996140922198e-05,2.4535632369431006,0.8615222897772856,51.0979571481742
SYM8 LVL:5 THR:4.0 soft,FP1-F7,3.733062523227391,3.5593583081971875e-05,1.2908677855534079,0.873295593290174,49.8701032730717
SYM8 LVL:5 THR:4.0 soft,F7-T7,3.657975416781331,2.6602767345166714e-05,2.0832869430670935,0.870367804988153,50.31088770789006
SYM8 LVL:5 THR:4.0 soft,T7-P7,2.7059761328576815,3.229316321864486e-05,2.5253949929541784,0.846462029417497,54.270855892107086
SYM8 LVL:5 THR:4.0 soft,P7-O1,2.5815643901909158,3.0659339532350476e-05,2.3774373532600306,0.8365522706906046,55.50652777471138
SYM8 LVL:5 THR:4.0 soft,FP1-F3,3.894751164701659,3.507238741498996e-05,1.4047542805012445,0.8707639311120875,49.9556089729851
SYM8 LVL:5 THR:4.0 soft,F3-C3,3.7787303292033307,2.611879676532679e-05,2.4664817587152332,0.8605481207362968,51.3669985415204
COIF3 LVL:2 THR:0.5 hard,FP1-F7,5.333296305651311,3.124411461853709e-05,1.133126186153368,0.9040697164112741,43.77607107196055
COIF3 LVL:2 THR:0.5 hard,F7-T7,4.729825981646344,2.4993032396004505e-05,1.9572271329023554,0.8838968256342438,47.266573061373414
COIF3 LVL:2 THR:0.5 hard,T7-P7,4.184187501183593,2.9378357658537703e-05,2.2974509133639933,0.8726727948623022,49.37232701665906
COIF3 LVL:2 THR:0.5 hard,P7-O1,5.084009225301215,2.517123503984276e-05,1.9518696529084063,0.8932295400053207,45.57070955128
COIF3 LVL:2 THR:0.5 hard,FP1-F3,5.954361782825175,2.9483127167570103e-05,1.1808876481988557,0.9107937118380781,41.99450566785282
COIF3 LVL:2 THR:0.5 hard,F3-C3,8.647956710292291,1.676234376549224e-05,1.5829218896402457,0.9455158338106487,32.96596299939588
COIF3 LVL:2 THR:0.5 soft,FP1-F7,5.330475251991592,3.125393942160591e-05,1.1334825009911222,0.9039962611952969,43.789836585327144
COIF3 LVL:2 THR:0.5 soft,F7-T7,4.714719980612964,2.5034841114313962e-05,1.9605012117164262,0.8834429165365336,47.34564129156113
COIF3 LVL:2 THR:0.5 soft,T7-P7,4.174385695945418,2.94099915429602e-05,2.299924751333578,0.8723482988915807,49.42548990972027
COIF3 LVL:2 THR:0.5 soft,P7-O1,5.081989152187023,2.517685785290842e-05,1.9523056664043463,0.8931735997894594,45.58088924968061
COIF3 LVL:2 THR:0.5 soft,FP1-F3,5.951813867167262,2.9491520740535205e-05,1.181223835964231,0.9107341945821517,42.006461114283354
COIF3 LVL:2 THR:0.5 soft,F3-C3,8.645072041938526,1.6767842751334678e-05,1.583441176512213,0.9454762115163596,32.97677767819926
COIF3 LVL:2 THR:1.0 hard,FP1-F7,5.33216847437632,3.124806091584851e-05,1.1332693059977454,0.9040401560448248,43.781600221807984
COIF3 LVL:2 THR:1.0 hard,F7-T7,4.723488826893396,2.5010662998718398e-05,1.9586078014604682,0.8837052317999928,47.299915881007635
COIF3 LVL:2 THR:1.0 hard,T7-P7,4.180334871112298,2.939085961408517e-05,2.298428593244033,0.8725444105287471,49.39333740276748
COIF3 LVL:2 THR:1.0 hard,P7-O1,5.082700044467869,2.517491043905852e-05,1.9521546568098922,0.8931928812055557,45.57736359705413
COIF3 LVL:2 THR:1.0 hard,FP1-F3,5.953222327098522,2.9486901601268157e-05,1.1810388255860997,0.9107668934930515,41.99988180982125
COIF3 LVL:2 THR:1.0 hard,F3-C3,8.646086353632818,1.6765914999801302e-05,1.5832591327513486,0.9454900844540625,32.9729864311869
COIF3 LVL:2 THR:1.0 soft,FP1-F7,5.3280673976507416,3.126236280498396e-05,1.1337879907256918,0.9039331536237283,43.80163857216293
COIF3 LVL:2 THR:1.0 soft,F7-T7,4.701769251969914,2.507092596732335e-05,1.9633270494250212,0.883049957038498,47.41388460490354
COIF3 LVL:2 THR:1.0 soft,T7-P7,4.165841354087252,2.9437771933920955e-05,2.3020972378057016,0.8720625530077086,49.47217674508073
COIF3 LVL:2 THR:1.0 soft,P7-O1,5.080460961669648,2.5181131035630373e-05,1.9526370246258682,0.893131017532879,45.58862553947225
COIF3 LVL:2 THR:1.0 soft,FP1-F3,5.94969150427249,2.9498539758693678e-05,1.1815049686879993,0.9106843418805346,42.016458703621936
COIF3 LVL:2 THR:1.0 soft,F3-C3,8.642909077189854,1.677197789056792e-05,1.5838316709741198,0.9454463737869586,32.984910123689446
COIF3 LVL:2 THR:2.0 hard,FP1-F7,5.330021575862931,3.125557889063507e-05,1.1335419593982818,0.9039838160178135,43.79213364234467
COIF3 LVL:2 THR:2.0 hard,F7-T7,4.708811603213293,2.5051544965945767e-05,1.9618093055531298,0.8832603952500067,47.37723144881181
COIF3 LVL:2 THR:2.0 hard,T7-P7,4.170260538273327,2.942355686429355e-05,2.3009855887108612,0.8722084034294355,49.448287354313344
COIF3 LVL:2 THR:2.0 hard,P7-O1,5.080806533353256,2.51801875965466e-05,1.9525638669077794,0.8931403493918147,45.586917510907185
COIF3 LVL:2 THR:2.0 hard,FP1-F3,5.951212085518057,2.9493574265145918e-05,1.1813060857823823,0.9107194411265531,42.00938606693215
COIF3 LVL:2 THR:2.0 hard,F3-C3,8.643475600936814,1.6770897236110902e-05,1.583729621307374,0.9454541643012537,32.98278483528446
COIF3 LVL:2 THR:2.0 soft,FP1-F7,5.324774657901365,3.127391032887906e-05,1.134206783252557,0.9038465329228834,43.817817786485655
COIF3 LVL:2 THR:2.0 soft,F7-T7,4.685710446548653,2.5115882547758147e-05,1.9668476401894917,0.8825591369351732,47.49890604047973
COIF3 LVL:2 THR:2.0 soft,T7-P7,4.1551389646671,2.9472754549990627e-05,2.3048329538104992,0.8717019236258401,49.5309674093025
COIF3 LVL:2 THR:2.0 soft,P7-O1,5.078998105646386,2.5185227908894502e-05,1.9529547111670094,0.893090166847388,45.59604263367889
COIF3 LVL:2 THR:2.0 soft,FP1-F3,5.946907453610834,2.9507752475788318e-05,1.181873965631966,0.9106188815789182,42.02958090392479
COIF3 LVL:2 THR:2.0 soft,F3-C3,8.640813719520724,1.6775986975802438e-05,1.5842102617525895,0.9454174313895104,32.99279466282977
COIF3 LVL:2 THR:3.0 hard,FP1-F7,5.3280454403252815,3.126250633504558e-05,1.133793196111516,0.9039318703326544,43.8018396718662
COIF3 LVL:2 THR:3.0 hard,F7-T7,4.697011697569264,2.508449402547474e-05,1.964389576417902,0.8829012091703805,47.43954438086637
COIF3 LVL:2 THR:3.0 hard,T7-P7,4.162152428658285,2.944997370552937e-05,2.3030514426544624,0.8719364422677989,49.492682651674805
COIF3 LVL:2 THR:3.0 hard,P7-O1,5.079664821068038,2.518339291071336e-05,1.952812418694779,0.8931083657266464,45.592720501530515
COIF3 LVL:2 THR:3.0 hard,FP1-F3,5.949298979454392,2.9499909901320776e-05,1.1815598470085864,0.9106744173512642,42.01841027619402
COIF3 LVL:2 THR:3.0 hard,F3-C3,8.641782631561735,1.6774129812234427e-05,1.584034883839717,0.9454308494867251,32.989142238901266
COIF3 LVL:2 THR:3.0 soft,FP1-F7,5.32253874953391,3.1281769244875786e-05,1.1344918015230185,0.9037875144715298,43.828828899119884
COIF3 LVL:2 THR:3.0 soft,F7-T7,4.676691872234329,2.514121659799802e-05,1.9688315727403785,0.8822819890098118,47.54681754307894
COIF3 LVL:2 THR:3.0 soft,T7-P7,4.149356260885921,2.949175207609607e-05,2.3063186013136683,0.8715056869184276,49.56289404326507
COIF3 LVL:2 THR:3.0 soft,P7-O1,5.078347032728963,2.5187053695543655e-05,1.9530962893433497,0.893071952803459,45.59934808901151
COIF3 LVL:2 THR:3.0 soft,FP1-F3,5.945147008846434,2.951357599039382e-05,1.1821072148537208,0.9105775008704592,42.037875669121085
COIF3 LVL:2 THR:3.0 soft,F3-C3,8.639846846945694,1.6777843035009564e-05,1.5843855353771215,0.9454040116763566,32.996444914847196
COIF3 LVL:2 THR:4.0 hard,FP1-F7,5.326161668531189,3.126912117929339e-05,1.1340330957958575,0.9038822268361075,43.81110771787926
COIF3 LVL:2 THR:4.0 hard,F7-T7,4.687319885619889,2.5111623916356765e-05,1.9665141428852932,0.8826049781253118,47.49085215933855
COIF3 LVL:2 THR:4.0 hard,T7-P7,4.156117268195669,2.946980907544824e-05,2.3046026113503677,0.8717316607611688,49.52601733911763
COIF3 LVL:2 THR:4.0 hard,P7-O1,5.078977096779536,2.518533208970835e-05,1.9529627897284563,0.8930889888050064,45.596231245544814
COIF3 LVL:2 THR:4.0 hard,FP1-F3,5.9476740799799765,2.950524539977386e-05,1.181773549720121,0.9106366172676489,42.02600993204991
COIF3 LVL:2 THR:4.0 hard,F3-C3,8.640933053704016,1.6775760230192113e-05,1.5841888494372842,0.9454190635183148,32.99234872952206
COIF3 LVL:2 THR:4.0 soft,FP1-F7,5.320966756422305,3.1287303838653815e-05,1.1346925239059753,0.9037459166433924,43.83658340820229
COIF3 LVL:2 THR:4.0 soft,F7-T7,4.6713879904322475,2.515614703552e-05,1.9700007889027513,0.8821184601150237,47.57505383729044
COIF3 LVL:2 THR:4.0 soft,T7-P7,4.14597481908091,2.950285545564664e-05,2.307186909535196,0.8713909582768603,49.58155402734357
COIF3 LVL:2 THR:4.0 soft,P7-O1,5.078012172726838,2.5187986328036835e-05,1.9531686090788678,0.8930626681797691,45.60103655302201
COIF3 LVL:2 THR:4.0 soft,FP1-F3,5.94399833157021,2.9517382598398257e-05,1.1822596809184103,0.9105504306762507,42.04329763879578
COIF3 LVL:2 THR:4.0 soft,F3-C3,8.639339206004665,1.6778820578727866e-05,1.5844778479660666,0.9453969340216102,32.998367418674746
COIF3 LVL:3 THR:0.5 hard,FP1-F7,5.269540948866922,3.141972000507221e-05,1.1394948435578724,0.9028990594188373,44.02211145349915
COIF3 LVL:3 THR:0.5 hard,F7-T7,4.711474288860623,2.503985100428667e-05,1.9608935407636614,0.8833995479631097,47.35511594540355
COIF3 LVL:3 THR:0.5 hard,T7-P7,3.8267979875222307,3.02601929358918e-05,2.3664123334318368,0.8641830798366643,50.85431114233396
COIF3 LVL:3 THR:0.5 hard,P7-O1,4.733450250260383,2.595335090855233e-05,2.012517778706601,0.8859194476830874,46.986674045354086
COIF3 LVL:3 THR:0.5 hard,FP1-F3,5.707894355014844,3.0153934775506672e-05,1.2077555043128922,0.9063683037273941,42.94997534152152
COIF3 LVL:3 THR:0.5 hard,F3-C3,8.030553693997208,1.7837593285178305e-05,1.6844611508168437,0.9379031749496815,35.08062168776265
COIF3 LVL:3 THR:0.5 soft,FP1-F7,5.260362970352124,3.1428307317229666e-05,1.139806278475875,0.9029081509175033,44.034143120643876
COIF3 LVL:3 THR:0.5 soft,F7-T7,4.663746470624284,2.5068672434694584e-05,1.963150573232136,0.8833859516896122,47.409622746520114
COIF3 LVL:3 THR:0.5 soft,T7-P7,3.7924725664502805,3.0280839364939212e-05,2.3680269287003677,0.8642046464633765,50.889008869773434
COIF3 LVL:3 THR:0.5 soft,P7-O1,4.724476961830051,2.5960757628948722e-05,2.0130921229033167,0.8858980582090781,47.000083379595225
COIF3 LVL:3 THR:0.5 soft,FP1-F3,5.6994985180039,3.016230449850319e-05,1.2080907368155118,0.9063599905931641,42.96189681707661
COIF3 LVL:3 THR:0.5 soft,F3-C3,8.02214455772683,1.784522228128034e-05,1.6851815813899687,0.937872139047164,35.0956253893178
COIF3 LVL:3 THR:1.0 hard,FP1-F7,5.268110734828058,3.1422764993761214e-05,1.1396052757612547,0.9028822566888383,44.02637778150654
COIF3 LVL:3 THR:1.0 hard,F7-T7,4.704975721549445,2.504985392571761e-05,1.9616768786525063,0.8833134700821526,47.374033370434304
COIF3 LVL:3 THR:1.0 hard,T7-P7,3.8225434626218426,3.026746826797397e-05,2.3669812800874492,0.864122817910963,50.86653783243321
COIF3 LVL:3 THR:1.0 hard,P7-O1,4.731780943571901,2.5956183669281885e-05,2.012737441337108,0.8858959754471825,46.99180255479077
COIF3 LVL:3 THR:1.0 hard,FP1-F3,5.706480605082904,3.0156954540327972e-05,1.207876454948748,0.9063508689241142,42.954276565410794
COIF3 LVL:3 THR:1.0 hard,F3-C3,8.028660111488078,1.7840449578434117e-05,1.6847308797510019,0.9378839732820864,35.08623906795148
COIF3 LVL:3 THR:1.0 soft,FP1-F7,5.24990463573114,3.144493176995838e-05,1.140409195311489,0.9028458062959631,44.05743561054381
COIF3 LVL:3 THR:1.0 soft,F7-T7,4.611696722386637,2.5121666750079748e-05,1.9673006063420841,0.8830827525055565,47.5098450660971
COIF3 LVL:3 THR:1.0 soft,T7-P7,3.756172683856887,3.0318536478843574e-05,2.370974924288732,0.8640217342969514,50.952361432122316
COIF3 LVL:3 THR:1.0 soft,P7-O1,4.714360691817612,2.597489864779182e-05,2.0141886692387407,0.8857965456627233,47.02568467652953
COIF3 LVL:3 THR:1.0 soft,FP1-F3,5.689639371411124,3.017888039246607e-05,1.2087546510715323,0.906283254773832,42.985506811668344
COIF3 LVL:3 THR:1.0 soft,F3-C3,8.010645100745892,1.7861021786711643e-05,1.6866735793672551,0.9377721951667318,35.12669776909618
COIF3 LVL:3 THR:2.0 hard,FP1-F7,5.2624893058889946,3.143651159411669e-05,1.1401038219042177,0.9027972469558355,44.04563811778127
COIF3 LVL:3 THR:2.0 hard,F7-T7,4.684521768731291,2.5084559113017717e-05,1.9643946734826803,0.8829981975879291,47.43966747377711
COIF3 LVL:3 THR:2.0 hard,T7-P7,3.8089394677637536,3.029270469720613e-05,2.368954823267206,0.8639039208471692,50.90894936718491
COIF3 LVL:3 THR:2.0 hard,P7-O1,4.725691312023563,2.5968324128728167e-05,2.01367885697794,0.8857861351155658,47.0137819829106
COIF3 LVL:3 THR:2.0 hard,FP1-F3,5.700608618589049,3.0171340963861552e-05,1.2084526743489497,0.9062601039473994,42.974767971942654
COIF3 LVL:3 THR:2.0 hard,F3-C3,8.020044582139594,1.7854875720181658e-05,1.6860931865903497,0.937781249482209,35.11461049749181
COIF3 LVL:3 THR:2.0 soft,FP1-F7,5.229118873764827,3.148574017087151e-05,1.141889188207888,0.902639023563928,44.11461218541294
COIF3 LVL:3 THR:2.0 soft,F7-T7,4.508284129944501,2.5256135246959682e-05,1.9778309568191266,0.8820837492742805,47.76415054338062
COIF3 LVL:3 THR:2.0 soft,T7-P7,3.6855423937367693,3.0413726307901573e-05,2.378418974165656,0.8633802291920923,51.11233441031041
COIF3 LVL:3 THR:2.0 soft,P7-O1,4.694757794955527,2.600892297102082e-05,2.0168270397384926,0.8855108510184492,47.08728326512057
COIF3 LVL:3 THR:2.0 soft,FP1-F3,5.6697642117471965,3.021990253107802e-05,1.210397710727797,0.9060527139307197,43.043936991840745
COIF3 LVL:3 THR:2.0 soft,F3-C3,7.985871536464368,1.7900490453086945e-05,1.6904007321350556,0.9374982136783907,35.204319527339926
COIF3 LVL:3 THR:3.0 hard,FP1-F7,5.2551812327012755,3.145511477589117e-05,1.1407785010452913,0.9026788708443669,44.07170300127908
COIF3 LVL:3 THR:3.0 hard,F7-T7,4.660038302504964,2.512838311427687e-05,1.967826570940248,0.8825889090182605,47.52254698693648
COIF3 LVL:3 THR:3.0 hard,T7-P7,3.7937803710040248,3.032256229500215e-05,2.37128975179264,0.863636760824825,50.95912708982859
COIF3 LVL:3 THR:3.0 hard,P7-O1,4.718124740871332,2.5984253841433395e-05,2.0149141051792965,0.8856382637797738,47.04262158135605
COIF3 LVL:3 THR:3.0 hard,FP1-F3,5.692697917043699,3.0191528265894827e-05,1.2092612363269943,0.906129739493524,43.003521901769595
COIF3 LVL:3 THR:3.0 hard,F3-C3,8.007371759846189,1.7876842221709098e-05,1.6881675537906087,0.9376220164561708,35.157811310379955
COIF3 LVL:3 THR:3.0 soft,FP1-F7,5.209753529879187,3.152823134562703e-05,1.1434302100413996,0.902398349329973,44.17414649159311
COIF3 LVL:3 THR:3.0 soft,F7-T7,4.406618610479121,2.5413964341742482e-05,1.9901906969969412,0.8807391262784908,48.06263534992832
COIF3 LVL:3 THR:3.0 soft,T7-P7,3.6171676358777223,3.052578840896213e-05,2.3871824720925128,0.8624918894290601,51.30066238847865
COIF3 LVL:3 THR:3.0 soft,P7-O1,4.677011659623863,2.6043520220182783e-05,2.0195098370111118,0.8852007664652006,47.149919094881696
COIF3 LVL:3 THR:3.0 soft,FP1-F3,5.651506576012546,3.026146161682186e-05,1.2120622767267293,0.9058019751283297,43.10313197654848
COIF3 LVL:3 THR:3.0 soft,F3-C3,7.963145707916759,1.7939169459139404e-05,1.6940533147456096,0.9372197419168757,35.2803882859943
COIF3 LVL:3 THR:4.0 hard,FP1-F7,5.247485523388233,3.147486661565719e-05,1.1414948384143233,0.9025524158359439,44.09937726735946
COIF3 LVL:3 THR:4.0 hard,F7-T7,4.630245898214842,2.518391805359335e-05,1.9721755626244935,0.8820593903326511,47.627574109098774
COIF3 LVL:3 THR:4.0 hard,T7-P7,3.776380975364173,3.035838460317325e-05,2.3740911335302806,0.8633091197552387,51.01932891370423
COIF3 LVL:3 THR:4.0 hard,P7-O1,4.710161775068492,2.6001371415582935e-05,2.016241464502787,0.8854777972028038,47.07361171746008
COIF3 LVL:3 THR:4.0 hard,FP1-F3,5.683951411743415,3.0214480022463966e-05,1.2101805229984155,0.905979211440696,43.03621340243205
COIF3 LVL:3 THR:4.0 hard,F3-C3,7.994236720410539,1.7899965912215354e-05,1.6903511980580037,0.9374529815275693,35.20328792965846
COIF3 LVL:3 THR:4.0 soft,FP1-F7,5.191854852131222,3.156992807044701e-05,1.144942419663826,0.9021496223050524,44.23256769544137
COIF3 LVL:3 THR:4.0 soft,F7-T7,4.307465955434808,2.5585880314585137e-05,2.0036535934272575,0.8791603677699583,48.38776111946413
COIF3 LVL:3 THR:4.0 soft,T7-P7,3.550419620086682,3.0650309806829706e-05,2.396920313893928,0.8614147500613465,51.509929061842286
COIF3 LVL:3 THR:4.0 soft,P7-O1,4.660967167996018,2.6076862096538456e-05,2.022095288083602,0.8848921631166813,47.21028216252196
COIF3 LVL:3 THR:4.0 soft,FP1-F3,5.635043153223245,3.0300692433986788e-05,1.2136335885877645,0.9055580054481284,43.15901067504689
COIF3 LVL:3 THR:4.0 soft,F3-C3,7.943439366374362,1.7973656694292764e-05,1.6973100549843947,0.9369676098407699,35.34821322348052
COIF3 LVL:4 THR:0.5 hard,FP1-F7,5.120820992501805,3.183713123080026e-05,1.1546330414566284,0.9000595615269129,44.60694554807338
COIF3 LVL:4 THR:0.5 hard,F7-T7,5.958714306252761,2.240481124761309e-05,1.754541177180024,0.908191000491396,42.371755094867204
COIF3 LVL:4 THR:0.5 hard,T7-P7,4.004887125909999,2.9821581313508975e-05,2.332111958844265,0.8684419786481807,50.117194496628656
COIF3 LVL:4 THR:0.5 hard,P7-O1,4.031384038849951,2.7554563704359213e-05,2.1366816768640433,0.8700106045303787,49.88555457831201
COIF3 LVL:4 THR:0.5 hard,FP1-F3,5.506382322825446,3.0708705914008276e-05,1.22997575189078,0.9026133004215718,43.74016762973282
COIF3 LVL:4 THR:0.5 hard,F3-C3,7.09360846777082,1.9557401103495577e-05,1.8468681196557208,0.9245943591126423,38.462912475846494
COIF3 LVL:4 THR:0.5 soft,FP1-F7,5.105174994446893,3.184821621563721e-05,1.1550350591404455,0.900112828916912,44.62247669977918
COIF3 LVL:4 THR:0.5 soft,F7-T7,5.881580700518199,2.244485859409589e-05,1.7576773213619283,0.908297816906243,42.447492236261304
COIF3 LVL:4 THR:0.5 soft,T7-P7,3.946650395263365,2.9847160313869656e-05,2.3341122918249115,0.8686125592232333,50.16018174544785
COIF3 LVL:4 THR:0.5 soft,P7-O1,4.013885451124828,2.7563731966207705e-05,2.137392617429481,0.8700352161684969,49.90215305658001
COIF3 LVL:4 THR:0.5 soft,FP1-F3,5.491617837265313,3.07195392985773e-05,1.230409661426666,0.9026368241648841,43.755598239488016
COIF3 LVL:4 THR:0.5 soft,F3-C3,7.078137472692036,1.9566872052521688e-05,1.8477624917518212,0.9245816841174703,38.481538687045344
COIF3 LVL:4 THR:1.0 hard,FP1-F7,5.1191655258860225,3.18406979624562e-05,1.1547623956434143,0.9000393597195049,44.61194288918453
COIF3 LVL:4 THR:1.0 hard,F7-T7,5.950325905238096,2.2417947388895208e-05,1.7555698803694417,0.9080911097952162,42.396598033963905
COIF3 LVL:4 THR:1.0 hard,T7-P7,3.999956489954453,2.982996840332333e-05,2.332767847351663,0.8683741469610561,50.13128957116771
COIF3 LVL:4 THR:1.0 hard,P7-O1,4.029548073744626,2.7557626077326305e-05,2.136919144467476,0.8699834030595107,49.89109878418034
COIF3 LVL:4 THR:1.0 hard,FP1-F3,5.504776625293348,3.0712161462616985e-05,1.2301141569740193,0.9025928295427897,43.745089565415185
COIF3 LVL:4 THR:1.0 hard,F3-C3,7.0917198468366145,1.9560327218817376e-05,1.847144442111535,0.9245725801247756,38.46866717284948
COIF3 LVL:4 THR:1.0 soft,FP1-F7,5.087256436230067,3.1872953726387174e-05,1.1559322111818224,0.9000450595330559,44.657136380232764
COIF3 LVL:4 THR:1.0 soft,F7-T7,5.7920190419551325,2.253125030220319e-05,1.7644427347173888,0.9079469443517286,42.61087537114666
COIF3 LVL:4 THR:1.0 soft,T7-P7,3.883851238395354,2.9902677778257807e-05,2.3384538772446515,0.8684488097237089,50.25348261810949
COIF3 LVL:4 THR:1.0 soft,P7-O1,3.9946476010506817,2.758406372562948e-05,2.138969216437944,0.8699183792922516,49.93896224380542
COIF3 LVL:4 THR:1.0 soft,FP1-F3,5.474305740887255,3.0744324993962076e-05,1.2314024028467179,0.9025432237828049,43.79090192418205
COIF3 LVL:4 THR:1.0 soft,F3-C3,7.058295809190871,1.958936997642987e-05,1.8498870428721146,0.9244479880434803,38.52578463125795
COIF3 LVL:4 THR:2.0 hard,FP1-F7,5.111721879121525,3.185937674989813e-05,1.1554398167652624,0.8999200708090211,44.63811370364285
COIF3 LVL:4 THR:2.0 hard,F7-T7,5.917993069299527,2.247484257683394e-05,1.7600253943623363,0.9076274987929639,42.504197644724876
COIF3 LVL:4 THR:2.0 hard,T7-P7,3.9812718945281587,2.9866292104572676e-05,2.335608439109107,0.868057656142321,50.19233402019317
COIF3 LVL:4 THR:2.0 hard,P7-O1,4.021793958133243,2.7573413812269795e-05,2.1381433831937677,0.8698281166552245,49.919681342105825
COIF3 LVL:4 THR:2.0 hard,FP1-F3,5.497050811094977,3.0731578004072645e-05,1.2308918476798052,0.9024661677634034,43.772745656832335
COIF3 LVL:4 THR:2.0 hard,F3-C3,7.082154875149039,1.9577266176556988e-05,1.8487440422252688,0.9244380841837716,38.50198047687812
COIF3 LVL:4 THR:2.0 soft,FP1-F7,5.049789150854158,3.194154520426867e-05,1.158419809268163,0.8997218627914044,44.75323977273823
COIF3 LVL:4 THR:2.0 soft,F7-T7,5.6016008975011955,2.2771742695556242e-05,1.7832759131036362,0.9065062618723086,43.065692181728785
COIF3 LVL:4 THR:2.0 soft,T7-P7,3.756299531109871,3.0058584896218453e-05,2.350646150030007,0.8675724551879186,50.51549512750996
COIF3 LVL:4 THR:2.0 soft,P7-O1,3.9557064402526763,2.7639912977849863e-05,2.1432999717772843,0.8694740027920628,50.040073295669295
COIF3 LVL:4 THR:2.0 soft,FP1-F3,5.437500292861376,3.081381504301503e-05,1.2341856876771558,0.9021745413102714,43.88988057872665
COIF3 LVL:4 THR:2.0 soft,F3-C3,7.013296844555485,1.965427893794588e-05,1.8560166043138162,0.9239854750799658,38.6534390006947
COIF3 LVL:4 THR:3.0 hard,FP1-F7,5.100073768695158,3.189007227040589e-05,1.156553047161118,0.8997174637478572,44.681121140523175
COIF3 LVL:4 THR:3.0 hard,F7-T7,5.8729051858956325,2.2558792789427293e-05,1.7665996119801592,0.9069213600702855,42.662963447697074
COIF3 LVL:4 THR:3.0 hard,T7-P7,3.9564478409487434,2.9918811434951035e-05,2.3397155639848215,0.867580726364897,50.28059632485549
COIF3 LVL:4 THR:3.0 hard,P7-O1,4.010261948963674,2.7598448335063995e-05,2.140084651678993,0.8695749709445268,49.96500454397509
COIF3 LVL:4 THR:3.0 hard,FP1-F3,5.484695447969086,3.076402077928118e-05,1.2321912781065476,0.9022493924294177,43.818955758618095
COIF3 LVL:4 THR:3.0 hard,F3-C3,7.066018354515213,1.960699411039439e-05,1.8515513463745776,0.9241978034210173,38.560445449357076
COIF3 LVL:4 THR:3.0 soft,FP1-F7,5.01295403007788,3.202017605971619e-05,1.161271504137262,0.899282270759325,44.863409318540555
COIF3 LVL:4 THR:3.0 soft,F7-T7,5.406937787436261,2.306220139762976e-05,1.8060219986397306,0.9044524729903661,43.61500477594863
COIF3 LVL:4 THR:3.0 soft,T7-P7,3.6295631534774,3.0249240446887588e-05,2.365555825176379,0.8662340502216413,50.835904740075286
COIF3 LVL:4 THR:3.0 soft,P7-O1,3.9183559631108937,2.7703178653888177e-05,2.148205823752146,0.8689087366567229,50.15461124912067
COIF3 LVL:4 THR:3.0 soft,FP1-F3,5.40130234991108,3.0892624102703926e-05,1.2373422268266103,0.9017048439357143,44.002132833549325
COIF3 LVL:4 THR:3.0 soft,F3-C3,6.967032256065444,1.9729639254949194e-05,1.863133120778557,0.92340892155956,38.80164771522234
COIF3 LVL:4 THR:4.0 hard,FP1-F7,5.085889614263452,3.192797805544948e-05,1.1579277712704101,0.8994647973786638,44.73423086567833
COIF3 LVL:4 THR:4.0 hard,F7-T7,5.817123195128438,2.2665498610242494e-05,1.774955842005753,0.9060083149456346,42.86476442949558
COIF3 LVL:4 THR:4.0 hard,T7-P7,3.9265646677217125,2.998451764949799e-05,2.3448539316355648,0.8669726423893559,50.39102008473153
COIF3 LVL:4 THR:4.0 hard,P7-O1,3.996247278686766,2.7629501048025863e-05,2.142492592647118,0.8692580240975404,50.0212232460342
COIF3 LVL:4 THR:4.0 hard,FP1-F3,5.469251398825358,3.080543717952366e-05,1.2338501291233082,0.9019693713435408,43.87794750819879
COIF3 LVL:4 THR:4.0 hard,F3-C3,7.045730364434146,1.9645019283992798e-05,1.8551421854892243,0.9238878028184888,38.63522833672819
COIF3 LVL:4 THR:4.0 soft,FP1-F7,4.978022495886431,3.210061487000574e-05,1.1641887678662857,0.898800396061891,44.976111986520465
COIF3 LVL:4 THR:4.0 soft,F7-T7,5.213901000586409,2.3379613078498207e-05,1.8308787964965278,0.9019974245013074,44.215290574269766
COIF3 LVL:4 THR:4.0 soft,T7-P7,3.504806460302854,3.0461767381168638e-05,2.3821758896794245,0.8645723398237927,51.19307069949108
COIF3 LVL:4 THR:4.0 soft,P7-O1,3.8833587220218724,2.7767606043332692e-05,2.1532017592346047,0.8683037944778648,50.27125240108942
COIF3 LVL:4 THR:4.0 soft,FP1-F3,5.3672457711429,3.0971878715008504e-05,1.2405166116943123,0.9012096004785999,44.11501971446639
COIF3 LVL:4 THR:4.0 soft,F3-C3,6.922310670813049,1.9806952218996e-05,1.8704340319670387,0.9227976023962998,38.95369663796233
COIF3 LVL:5 THR:0.5 hard,FP1-F7,3.8894374590323375,3.5353969062887815e-05,1.2821777355101105,0.8743038297536116,49.53438051512743
COIF3 LVL:5 THR:0.5 hard,F7-T7,4.240379846697358,2.606350103979226e-05,2.0410565074794684,0.8728194296351798,49.29103266114539
COIF3 LVL:5 THR:0.5 hard,T7-P7,3.241815980952418,3.1706024328658924e-05,2.4794794657913557,0.849555700546663,53.28412907716687
COIF3 LVL:5 THR:0.5 hard,P7-O1,2.7367009308001746,3.055114612281224e-05,2.369047640463336,0.8367941654051049,55.31065139305489
COIF3 LVL:5 THR:0.5 hard,FP1-F3,4.056782974477708,3.480791701625475e-05,1.3941614480175804,0.8722080920978362,49.57890864552182
COIF3 LVL:5 THR:0.5 hard,F3-C3,3.8390243055187327,2.617789135630838e-05,2.4720622504968577,0.859228752232989,51.483217975211645
COIF3 LVL:5 THR:0.5 soft,FP1-F7,3.8673826597947296,3.5365349102295294e-05,1.282590453899142,0.8744231082719113,49.55032506724503
COIF3 LVL:5 THR:0.5 soft,F7-T7,4.142748072628168,2.6102985524959487e-05,2.044148573479044,0.8730701818685171,49.36570532484528
COIF3 LVL:5 THR:0.5 soft,T7-P7,3.1642073518101386,3.173365481603214e-05,2.481640229479718,0.8498680501944864,53.33056398935888
COIF3 LVL:5 THR:0.5 soft,P7-O1,2.7080322591012322,3.056045921116433e-05,2.3697698114057046,0.8369095629450718,55.32751206928498
COIF3 LVL:5 THR:0.5 soft,FP1-F3,4.035507502486105,3.4818876781113524e-05,1.3946004194630222,0.872284870246465,49.59451926595785
COIF3 LVL:5 THR:0.5 soft,F3-C3,3.814083913203705,2.6186040443063506e-05,2.472831794898627,0.859276028914813,51.49924452234651
COIF3 LVL:5 THR:1.0 hard,FP1-F7,3.8878540509733557,3.535734540548021e-05,1.282300184881827,0.8742821990897727,49.53911110247461
COIF3 LVL:5 THR:1.0 hard,F7-T7,4.232634976457692,2.607555062852716e-05,2.0420001217491808,0.872709382617732,49.31382072292491
COIF3 LVL:5 THR:1.0 hard,T7-P7,3.2368448879177714,3.17143736898544e-05,2.4801324038394075,0.8494824149217072,53.29816074619731
COIF3 LVL:5 THR:1.0 hard,P7-O1,2.7349110951517472,3.055400969266254e-05,2.36926969214578,0.8367651750794953,55.31583568018744
COIF3 LVL:5 THR:1.0 hard,FP1-F3,4.055286590290854,3.4811107091510934e-05,1.3942892200970292,0.8721861538284198,49.58345245231224
COIF3 LVL:5 THR:1.0 hard,F3-C3,3.837562433647949,2.6180153634156443e-05,2.4722758846506636,0.8592049050886241,51.487667124380586
COIF3 LVL:5 THR:1.0 soft,FP1-F7,3.843426135995178,3.539187516606298e-05,1.2835524711570387,0.8743885788273664,49.58749068601615
COIF3 LVL:5 THR:1.0 soft,F7-T7,4.035412665925414,2.6191619673402825e-05,2.0510895943798424,0.8727465925966265,49.53332934048091
COIF3 LVL:5 THR:1.0 soft,T7-P7,3.08192304558428,3.179600054110891e-05,2.4865157996081364,0.8497728226502439,53.43534021825357
COIF3 LVL:5 THR:1.0 soft,P7-O1,2.6780494538547495,3.0582269414821554e-05,2.3714610543890107,0.8368442478735639,55.366997873400045
COIF3 LVL:5 THR:1.0 soft,FP1-F3,4.012218712319055,3.484499104708906e-05,1.395646374118952,0.8722121451600393,49.63171530979298
COIF3 LVL:5 THR:1.0 soft,F3-C3,3.787066335292186,2.620617576982959e-05,2.4747332383923886,0.859162657006631,51.5388440226573
COIF3 LVL:5 THR:2.0 hard,FP1-F7,3.880739971674272,3.53754762864101e-05,1.28295773515043,0.8741501907988898,49.56451424613459
COIF3 LVL:5 THR:2.0 hard,F7-T7,4.20221588089208,2.6130540364609445e-05,2.0463064180715347,0.8721672744938567,49.41781676218001
COIF3 LVL:5 THR:2.0 hard,T7-P7,3.217484353770815,3.1752130391509666e-05,2.4830850593183738,0.849123721769998,53.36161344981204
COIF3 LVL:5 THR:2.0 hard,P7-O1,2.727419867986824,3.0569135605777724e-05,2.370442610786257,0.8365942280469089,55.343220057321865
COIF3 LVL:5 THR:2.0 hard,FP1-F3,4.048161136528483,3.482942043860226e-05,1.3950227245605964,0.8720465094893501,49.609537200848344
COIF3 LVL:5 THR:2.0 hard,F3-C3,3.8306342673014004,2.619339578965636e-05,2.473526383870826,0.8590544432937026,51.513710046202846
COIF3 LVL:5 THR:2.0 soft,FP1-F7,3.794104563994813,3.546943007661362e-05,1.2863651448743978,0.8740497373842849,49.69615272741802
COIF3 LVL:5 THR:2.0 soft,F7-T7,3.8123294064475544,2.644915122576395e-05,2.071257124828858,0.8710698543383161,50.02037043827232
COIF3 LVL:5 THR:2.0 soft,T7-P7,2.9145486140773835,3.197920871402672e-05,2.50084307375661,0.8488399262918921,53.74323400627796
COIF3 LVL:5 THR:2.0 soft,P7-O1,2.617982027507426,3.0646010437525895e-05,2.376403766483392,0.8364021771900987,55.482396407781195
COIF3 LVL:5 THR:2.0 soft,FP1-F3,3.963895843625616,3.492217996758354e-05,1.398738021835684,0.8718036864703427,49.74165990762269
COIF3 LVL:5 THR:2.0 soft,F3-C3,3.7309136563167353,2.626748478075965e-05,2.480522844952849,0.8586409629300629,51.65941848492378
COIF3 LVL:5 THR:3.0 hard,FP1-F7,3.869191060601911,3.5406570743340236e-05,1.2840854337209267,0.8739161790065825,49.60808063209677
COIF3 LVL:5 THR:3.0 hard,F7-T7,4.157071761807382,2.621841984353196e-05,2.0531883401147346,0.8712703610065674,49.5840135543608
COIF3 LVL:5 THR:3.0 hard,T7-P7,3.190089566048553,3.181092618449047e-05,2.4876830171026634,0.8485401117052968,53.46042377651552
COIF3 LVL:5 THR:3.0 hard,P7-O1,2.7159814697257563,3.059404866913932e-05,2.3723744608627237,0.8363042755028778,55.38832336562941
COIF3 LVL:5 THR:3.0 hard,FP1-F3,4.036441912250924,3.486121682656319e-05,1.3962962652398803,0.8717977533565234,49.6548266162775
COIF3 LVL:5 THR:3.0 hard,F3-C3,3.8189800419487776,2.621723608870951e-05,2.475777699781939,0.8587778657432006,51.56059599648973
COIF3 LVL:5 THR:3.0 soft,FP1-F7,3.7452191966471133,3.556386978227398e-05,1.2897901772301836,0.8735060297169084,49.828472023947235
COIF3 LVL:5 THR:3.0 soft,F7-T7,3.587202657554858,2.6770267570558476e-05,2.096404038292258,0.8684754564632999,50.62766245998226
COIF3 LVL:5 THR:3.0 soft,T7-P7,2.7473210764081535,3.221161091904546e-05,2.5190174272856245,0.8472292261846411,54.13380170917485
COIF3 LVL:5 THR:3.0 soft,P7-O1,2.5594041122160727,3.0723736342882254e-05,2.382430917541724,0.8357258891507747,55.623113565759276
COIF3 LVL:5 THR:3.0 soft,FP1-F3,3.9159552129037447,3.5015708327347395e-05,1.4024841130889523,0.8712059543594429,49.87487770408929
COIF3 LVL:5 THR:3.0 soft,F3-C3,3.6746546208225244,2.6343913365066243e-05,2.4877402413256746,0.8578939112801726,51.80972812643908
COIF3 LVL:5 THR:4.0 hard,FP1-F7,3.8544771949647916,3.5446993724903694e-05,1.2855514486645785,0.8736081768871559,49.66471719662955
COIF3 LVL:5 THR:4.0 hard,F7-T7,4.0988461135417005,2.6335477635134394e-05,2.0623552424022114,0.8700546116163261,49.80539207984393
COIF3 LVL:5 THR:4.0 hard,T7-P7,3.1550834531043552,3.188944453263625e-05,2.493823321225856,0.8477446906748964,53.592379197799424
COIF3 LVL:5 THR:4.0 hard,P7-O1,2.7014267991870526,3.062651737913954e-05,2.374892203421569,0.8359226714494065,55.447105628421944
COIF3 LVL:5 THR:4.0 hard,FP1-F3,4.021058275536915,3.490407294979418e-05,1.3980127814793388,0.8714581848800251,49.71586904572186
COIF3 LVL:5 THR:4.0 hard,F3-C3,3.8038780192281942,2.6248986192305357e-05,2.4787759639079665,0.8584062223024345,51.623037905271154
COIF3 LVL:5 THR:4.0 soft,FP1-F7,3.697989737321472,3.56656851142088e-05,1.2934827004517824,0.8728530724152322,49.97112529677673
COIF3 LVL:5 THR:4.0 soft,F7-T7,3.366053066009242,2.7126406059830994e-05,2.124293567791146,0.8652629830282618,51.30118801128181
COIF3 LVL:5 THR:4.0 soft,T7-P7,2.582451536890213,3.247505676073211e-05,2.5396194601371462,0.8451344672663416,54.57654035365969
COIF3 LVL:5 THR:4.0 soft,P7-O1,2.5029937303464167,3.080824852783691e-05,2.38898430154743,0.8349188700695866,55.77611679456456
COIF3 LVL:5 THR:4.0 soft,FP1-F3,3.869763948475195,3.511560543177839e-05,1.4064852916628166,0.8705165057204027,50.01716686813849
COIF3 LVL:5 THR:4.0 soft,F3-C3,3.619634112520971,2.642795347411463e-05,2.495676418395036,0.8570205402670596,51.97500710914661
BIOR3.5 LVL:2 THR:0.5 hard,FP1-F7,5.341002042612635,3.1251864142178654e-05,1.1334072371057051,0.9039040771255754,43.78692891516875
BIOR3.5 LVL:2 THR:0.5 hard,F7-T7,4.715435016285156,2.5163864778487324e-05,1.9706051723845583,0.8816868674903195,47.589649555651214
BIOR3.5 LVL:2 THR:0.5 hard,T7-P7,4.161400635502101,2.953820312763946e-05,2.3099511737003025,0.8708139323494904,49.64095819285858
BIOR3.5 LVL:2 THR:0.5 hard,P7-O1,5.117634615431915,2.5075396771577324e-05,1.9444380029667765,0.8941882465557016,45.39720126374033
BIOR3.5 LVL:2 THR:0.5 hard,FP1-F3,5.948230547766215,2.95154838390221e-05,1.1821836299119663,0.9105317405137826,42.04059312712947
BIOR3.5 LVL:2 THR:0.5 hard,F3-C3,8.643457534775196,1.6765913215294054e-05,1.5832589642346053,0.9455057943433821,32.97298292165382
BIOR3.5 LVL:2 THR:0.5 soft,FP1-F7,5.334756299567905,3.1272824299661495e-05,1.1341673963740881,0.9037499290048044,43.8162961529622
BIOR3.5 LVL:2 THR:0.5 soft,F7-T7,4.682460741486297,2.5251740441642068e-05,1.977486795611508,0.8807395932246614,47.755839131490134
BIOR3.5 LVL:2 THR:0.5 soft,T7-P7,4.139412568294213,2.9605958185054696e-05,2.3152497652809805,0.8701248787959527,49.754825172443304
BIOR3.5 LVL:2 THR:0.5 soft,P7-O1,5.113083118225626,2.508740325358313e-05,1.945369029506723,0.8940711844311007,45.418938135346075
BIOR3.5 LVL:2 THR:0.5 soft,FP1-F3,5.942541972315563,2.9533607126212846e-05,1.1829095219066208,0.9104048054174722,42.066407162469964
BIOR3.5 LVL:2 THR:0.5 soft,F3-C3,8.63699743317369,1.6777966909426835e-05,1.584397233235691,0.9454197166204684,32.99668853468422
BIOR3.5 LVL:2 THR:1.0 hard,FP1-F7,5.338390104441517,3.126070486416539e-05,1.1337278624045808,0.9038388274489664,43.79931563435551
BIOR3.5 LVL:2 THR:1.0 hard,F7-T7,4.701745130542629,2.5200490886249932e-05,1.973473396245903,0.8812920503372846,47.65891648457304
BIOR3.5 LVL:2 THR:1.0 hard,T7-P7,4.152898593682587,2.9564572017137945e-05,2.312013277714653,0.8705455141422084,49.68527290406596
BIOR3.5 LVL:2 THR:1.0 hard,P7-O1,5.114884138673985,2.5082746125013547e-05,1.9450078987195258,0.8941162885649846,45.41050673922859
BIOR3.5 LVL:2 THR:1.0 hard,FP1-F3,5.945697734387796,2.952363343482293e-05,1.1825100456603475,0.9104744474369381,42.052201062919444
BIOR3.5 LVL:2 THR:1.0 hard,F3-C3,8.639206981267723,1.677386616630579e-05,1.5840099869089896,0.9454489348905144,32.988623734922946
BIOR3.5 LVL:2 THR:1.0 soft,FP1-F7,5.329406250478634,3.129091187495332e-05,1.1348233760828246,0.9036164167970017,43.841638621172976
BIOR3.5 LVL:2 THR:1.0 soft,F7-T7,4.6540560878005515,2.532835921095183e-05,1.9834868812276345,0.8799086678087028,47.900739782202336
BIOR3.5 LVL:2 THR:1.0 soft,T7-P7,4.120174169715641,2.9665957634402046e-05,2.31994185158841,0.8695115803933597,49.8556583254884
BIOR3.5 LVL:2 THR:1.0 soft,P7-O1,5.109531219226691,2.5096845791174787e-05,1.9461012384167122,0.8939788467558322,45.436033170108395
BIOR3.5 LVL:2 THR:1.0 soft,FP1-F3,5.937778232254987,2.954887373982192e-05,1.1835209955585952,0.9102975846653987,42.088152274109284
BIOR3.5 LVL:2 THR:1.0 soft,F3-C3,8.63214385871488,1.678706790570789e-05,1.5852566695073937,0.9453545541989479,33.01458717170397
BIOR3.5 LVL:2 THR:2.0 hard,FP1-F7,5.333647163520425,3.127680692720394e-05,1.1343118338021652,0.9037197950833862,43.82187620502896
BIOR3.5 LVL:2 THR:2.0 hard,F7-T7,4.669536644168134,2.5287192263088703e-05,1.9802630600418,0.8803538767783418,47.82288526186822
BIOR3.5 LVL:2 THR:2.0 hard,T7-P7,4.130208903143646,2.963512752682451e-05,2.317530870701174,0.8698256966480507,49.80384623405127
BIOR3.5 LVL:2 THR:2.0 hard,P7-O1,5.1104607004393365,2.5094461147049167e-05,1.94591632438709,0.8940018866178402,45.431715943533696
BIOR3.5 LVL:2 THR:2.0 hard,FP1-F3,5.941155779411973,2.9538232148316027e-05,1.1830947679099788,0.9103718281435542,42.072994846192316
BIOR3.5 LVL:2 THR:2.0 hard,F3-C3,8.633309482506936,1.6784892871149555e-05,1.5850512740172833,0.9453700954543867,33.010309601110286
BIOR3.5 LVL:2 THR:2.0 soft,FP1-F7,5.322213905134962,3.131529408428867e-05,1.1357076424546346,0.9034361399535918,43.87580048947321
BIOR3.5 LVL:2 THR:2.0 soft,F7-T7,4.618450139001204,2.5425292993610057e-05,1.9910778540438774,0.8788517396568021,48.08405998311013
BIOR3.5 LVL:2 THR:2.0 soft,T7-P7,4.0958663468187595,2.9742555370988937e-05,2.3259319597465504,0.8687249119172541,49.98438602849548
BIOR3.5 LVL:2 THR:2.0 soft,P7-O1,5.105926417512213,2.5106432734830408e-05,1.9468446451012047,0.8938850543658146,45.4533896416571
BIOR3.5 LVL:2 THR:2.0 soft,FP1-F3,5.93152012347468,2.956897104517197e-05,1.1843259528996217,0.9101562584278614,42.11677801650881
BIOR3.5 LVL:2 THR:2.0 soft,F3-C3,8.627473322634762,1.679585033828052e-05,1.5860860227862668,0.9452915725004807,33.03185929971211
BIOR3.5 LVL:2 THR:3.0 hard,FP1-F7,5.329218136693391,3.12917716182972e-05,1.1348545562813421,0.9036093572472146,43.84284320597832
BIOR3.5 LVL:2 THR:3.0 hard,F7-T7,4.643397503791184,2.5357982856660602e-05,1.985806735907052,0.8795845117460045,47.95676372487774
BIOR3.5 LVL:2 THR:3.0 hard,T7-P7,4.111817628267293,2.9692988456703613e-05,2.3220557201751952,0.8692324654269319,49.901085459765746
BIOR3.5 LVL:2 THR:3.0 hard,P7-O1,5.107037259589168,2.510341975398737e-05,1.94661100754377,0.8939147267610721,45.447934856674784
BIOR3.5 LVL:2 THR:3.0 hard,FP1-F3,5.936886322029839,2.9551975541391722e-05,1.1836452320122157,0.9102751299322784,42.092570347635316
BIOR3.5 LVL:2 THR:3.0 hard,F3-C3,8.629623354838046,1.679180630858675e-05,1.5857041320904204,0.9453205797802325,33.02390603642637
BIOR3.5 LVL:2 THR:3.0 soft,FP1-F7,5.317373202261835,3.133176290174957e-05,1.1363049148865074,0.9033141283297527,43.89887491908792
BIOR3.5 LVL:2 THR:3.0 soft,F7-T7,4.598513613222865,2.5480027976714624e-05,1.9953642004284937,0.8782521033425568,48.18757423608003
BIOR3.5 LVL:2 THR:3.0 soft,T7-P7,4.082690580116218,2.9784393884267984e-05,2.329203821695539,0.8682936244759497,50.05469849400199
BIOR3.5 LVL:2 THR:3.0 soft,P7-O1,5.104321219662581,2.5110713366005022e-05,1.9471765809029957,0.89384312839486,45.46113941633624
BIOR3.5 LVL:2 THR:3.0 soft,FP1-F3,5.927534494195788,2.958178233858257e-05,1.184839083615371,0.9100660974984934,42.13502587504451
BIOR3.5 LVL:2 THR:3.0 soft,F3-C3,8.625355595326102,1.6799854533295192e-05,1.5864641517655902,0.9452627801495213,33.03973422141416
BIOR3.5 LVL:2 THR:4.0 hard,FP1-F7,5.3250343317160365,3.1305954036033936e-05,1.1353689081558207,0.9035045091336678,43.862714165178005
BIOR3.5 LVL:2 THR:4.0 hard,F7-T7,4.621982653444433,2.541629097411133e-05,1.990372897697058,0.8789484939409771,48.06703545380954
BIOR3.5 LVL:2 THR:4.0 hard,T7-P7,4.097980330539707,2.9736416336043577e-05,2.325451873977076,0.8687867468931997,49.974068962973575
BIOR3.5 LVL:2 THR:4.0 hard,P7-O1,5.105336911983269,2.5108012011927075e-05,1.946967108025,0.8938695639034284,45.456248809185404
BIOR3.5 LVL:2 THR:4.0 hard,FP1-F3,5.933031989645436,2.9564300010637783e-05,1.1841388639604333,0.9101886106254072,42.11012479464718
BIOR3.5 LVL:2 THR:4.0 hard,F3-C3,8.627679720951667,1.679546210788931e-05,1.5860493609451145,0.9452943574596061,33.031095779473475
BIOR3.5 LVL:2 THR:4.0 soft,FP1-F7,5.314004196225962,3.134326307659519e-05,1.1367219902116372,0.9032287789260305,43.9149877927452
BIOR3.5 LVL:2 THR:4.0 soft,F7-T7,4.5866773474907,2.551272983120638e-05,1.9979251124416242,0.877892763745866,48.24941965643904
BIOR3.5 LVL:2 THR:4.0 soft,T7-P7,4.074972294583738,2.9809032681600487e-05,2.331130628772152,0.8680390552529887,50.096105667722746
BIOR3.5 LVL:2 THR:4.0 soft,P7-O1,5.103670617131893,2.511247937375408e-05,1.9473135236047237,0.8938257288857795,45.464336646272315
BIOR3.5 LVL:2 THR:4.0 soft,FP1-F3,5.924949581373435,2.9590100552545216e-05,1.1851722530267343,0.9100075157156304,42.146873983334224
BIOR3.5 LVL:2 THR:4.0 soft,F3-C3,8.624244637236709,1.6801962955542193e-05,1.5866632568414716,0.9452475930120143,33.04388078771503
BIOR3.5 LVL:3 THR:0.5 hard,FP1-F7,5.206537798714429,3.164235398461531e-05,1.1475690807455103,0.9012120343845333,44.33404350952003
BIOR3.5 LVL:3 THR:0.5 hard,F7-T7,4.582651440353952,2.5615263135114187e-05,2.0059545888674846,0.8765478256155198,48.44332961596668
BIOR3.5 LVL:3 THR:0.5 hard,T7-P7,3.7545899058734156,3.065835326262147e-05,2.397549329479829,0.8595307873131859,51.523446636048135
BIOR3.5 LVL:3 THR:0.5 hard,P7-O1,4.686313614628185,2.604230506207922e-05,2.019415609206156,0.8851354934133328,47.147719138586005
BIOR3.5 LVL:3 THR:0.5 hard,FP1-F3,5.674977385507159,3.0278702070569484e-05,1.212752808594811,0.9054202418287666,43.12768854168168
BIOR3.5 LVL:3 THR:0.5 hard,F3-C3,7.990452072598153,1.7906105552126607e-05,1.6909309839486877,0.9374098634261896,35.21536256223822
BIOR3.5 LVL:3 THR:0.5 soft,FP1-F7,5.19747677947341,3.164900559201127e-05,1.1478103137140998,0.9012390159969594,44.343363064311816
BIOR3.5 LVL:3 THR:0.5 soft,F7-T7,4.535161400682664,2.563838593612181e-05,2.007765356476783,0.876548456924966,48.48705922611935
BIOR3.5 LVL:3 THR:0.5 soft,T7-P7,3.718276016065266,3.067826374902608e-05,2.3991063724468815,0.8595487885702827,51.55690756185122
BIOR3.5 LVL:3 THR:0.5 soft,P7-O1,4.676623678517232,2.6051254888352082e-05,2.0201096114779213,0.8850998734054462,47.163922154964396
BIOR3.5 LVL:3 THR:0.5 soft,FP1-F3,5.666319591172401,3.0286279396524746e-05,1.2130563032199262,0.9054211261065158,43.138481360773326
BIOR3.5 LVL:3 THR:0.5 soft,F3-C3,7.980033849054559,1.7917010131548613e-05,1.6919607383616684,0.9373556830475883,35.23680824828183
BIOR3.5 LVL:3 THR:1.0 hard,FP1-F7,5.204521178232686,3.16462627087949e-05,1.147710837930069,0.9011921423670136,44.33952001572209
BIOR3.5 LVL:3 THR:1.0 hard,F7-T7,4.572786800022009,2.5629742872870984e-05,2.007088510320707,0.8764177433162037,48.47071355128701
BIOR3.5 LVL:3 THR:1.0 hard,T7-P7,3.7479467427766955,3.066909045406166e-05,2.398389001001564,0.8594408258744672,51.54149121611579
BIOR3.5 LVL:3 THR:1.0 hard,P7-O1,4.684083913260746,2.6045903630812553e-05,2.019694655390953,0.8851065438084683,47.154234088300925
BIOR3.5 LVL:3 THR:1.0 hard,FP1-F3,5.673036421902947,3.0282511133877623e-05,1.2129053730017758,0.905399467867508,43.133114008585984
BIOR3.5 LVL:3 THR:1.0 hard,F3-C3,7.987560702967318,1.791040387733469e-05,1.691336888585644,0.9373811304971047,35.22381594034282
BIOR3.5 LVL:3 THR:1.0 soft,FP1-F7,5.1875508833434205,3.1662450691362813e-05,1.1482979253598984,0.9012032978630413,44.36220096808886
BIOR3.5 LVL:3 THR:1.0 soft,F7-T7,4.485322038419476,2.568148926550367e-05,2.0111408174631853,0.8763081254068118,48.56857581182753
BIOR3.5 LVL:3 THR:1.0 soft,T7-P7,3.6810350719098817,3.0713034160696253e-05,2.401825493610092,0.8593858769236261,51.615341602155205
BIOR3.5 LVL:3 THR:1.0 soft,P7-O1,4.666265651195679,2.606560025654398e-05,2.0212220038094557,0.8849975855212503,47.18989341168837
BIOR3.5 LVL:3 THR:1.0 soft,FP1-F3,5.6565806585619836,3.030099082766491e-05,1.2136455401493065,0.9053609200560727,43.159435694242994
BIOR3.5 LVL:3 THR:1.0 soft,F3-C3,7.96716828411888,1.7934979090425883e-05,1.6936576047867222,0.9372403575143996,35.27214722245949
BIOR3.5 LVL:3 THR:2.0 hard,FP1-F7,5.198556191956987,3.1659307788632807e-05,1.1481839421208986,0.9011175097287241,44.35779745290013
BIOR3.5 LVL:3 THR:2.0 hard,F7-T7,4.545496567106269,2.5671698351438613e-05,2.010374082064278,0.8760326252621026,48.55005933300811
BIOR3.5 LVL:3 THR:2.0 hard,T7-P7,3.728351596573216,3.070264308797186e-05,2.401012889318219,0.859150948542553,51.5978786981166
BIOR3.5 LVL:3 THR:2.0 hard,P7-O1,4.677641509571435,2.605762057736744e-05,2.0206032302927817,0.8850051201529255,47.175446776809665
BIOR3.5 LVL:3 THR:2.0 hard,FP1-F3,5.666841354081221,3.029655866246351e-05,1.2134680186431461,0.9053144027428114,43.15312270764516
BIOR3.5 LVL:3 THR:2.0 hard,F3-C3,7.978132194566553,1.7925610775415713e-05,1.692772924749962,0.9372745993120702,35.2537228582827
BIOR3.5 LVL:3 THR:2.0 soft,FP1-F7,5.168724177778138,3.16948835503676e-05,1.1494741635820032,0.9010619231664838,44.407642586716705
BIOR3.5 LVL:3 THR:2.0 soft,F7-T7,4.393055297272917,2.5783020602259e-05,2.01909182892865,0.8755852248858436,48.7605908610911
BIOR3.5 LVL:3 THR:2.0 soft,T7-P7,3.6132894798914617,3.079244039138478e-05,2.408035232062545,0.8588864335199998,51.74878917040534
BIOR3.5 LVL:3 THR:2.0 soft,P7-O1,4.647002138931102,2.6098277925696708e-05,2.023755949825455,0.8847262996712353,47.249053979988446
BIOR3.5 LVL:3 THR:2.0 soft,FP1-F3,5.637721265997211,3.033656720284372e-05,1.2150704806509558,0.9051739677181633,43.21010916183674
BIOR3.5 LVL:3 THR:2.0 soft,F3-C3,7.941181043663884,1.7976277510566568e-05,1.6975575470718116,0.9369531182293176,35.35336749865344
BIOR3.5 LVL:3 THR:3.0 hard,FP1-F7,5.191154943195365,3.167661410977895e-05,1.1488115881885212,0.901012944375277,44.38204530737568
BIOR3.5 LVL:3 THR:3.0 hard,F7-T7,4.518618168006181,2.571466283997212e-05,2.0137386702973767,0.8756312125821166,48.631313344291605
BIOR3.5 LVL:3 THR:3.0 hard,T7-P7,3.7092682567816375,3.07356298144329e-05,2.403592522452163,0.858864555258784,51.653315134182
BIOR3.5 LVL:3 THR:3.0 hard,P7-O1,4.669813475239698,2.607304297200679e-05,2.021799139195308,0.8848658488778729,47.20336791240682
BIOR3.5 LVL:3 THR:3.0 hard,FP1-F3,5.658738503872396,3.0315855118022487e-05,1.2142408995486924,0.9051939281807746,43.18060775384583
BIOR3.5 LVL:3 THR:3.0 hard,F3-C3,7.965029632581311,1.7948064625715598e-05,1.694893313858051,0.9371122071477302,35.29788212434571
BIOR3.5 LVL:3 THR:3.0 soft,FP1-F7,5.151620655495332,3.172858336204621e-05,1.150696350209715,0.9008882837022538,44.45485933038719
BIOR3.5 LVL:3 THR:3.0 soft,F7-T7,4.307353559958235,2.589714126896783e-05,2.0280287222903035,0.8746500625788604,48.97641472533208
BIOR3.5 LVL:3 THR:3.0 soft,T7-P7,3.551493764395625,3.088009666060439e-05,2.4148901413165396,0.858233890786181,51.89610148919702
BIOR3.5 LVL:3 THR:3.0 soft,P7-O1,4.6299317766850425,2.6130891053466325e-05,2.026284891066486,0.8844360982225076,47.30809770075922
BIOR3.5 LVL:3 THR:3.0 soft,FP1-F3,5.620702837507247,3.0372545814945517e-05,1.2165115319474777,0.9049665515371856,43.261355558504334
BIOR3.5 LVL:3 THR:3.0 soft,F3-C3,7.9177311315086785,1.8016093775005835e-05,1.7013175246397683,0.9366658146619129,35.43167286684314
BIOR3.5 LVL:3 THR:4.0 hard,FP1-F7,5.183494939415034,3.169459564437746e-05,1.1494637221334116,0.9009039303001359,44.40723920216763
BIOR3.5 LVL:3 THR:4.0 hard,F7-T7,4.490698064026995,2.5760128488399e-05,2.0172991266400135,0.8752026917739264,48.717297524166284
BIOR3.5 LVL:3 THR:4.0 hard,T7-P7,3.69111320429619,3.0767626288959115e-05,2.4060947157496604,0.8585839691779334,51.70708738455928
BIOR3.5 LVL:3 THR:4.0 hard,P7-O1,4.662567650746489,2.608792750520179e-05,2.0229533403536952,0.8847286440713722,47.23031528856702
BIOR3.5 LVL:3 THR:4.0 hard,FP1-F3,5.650162531924169,3.0337009685227288e-05,1.2150882033972008,0.9050590717859688,43.21073941482378
BIOR3.5 LVL:3 THR:4.0 hard,F3-C3,7.952055991875149,1.7970600232161472e-05,1.6970214234612517,0.9369479834946415,35.34220217759465
BIOR3.5 LVL:3 THR:4.0 soft,FP1-F7,5.136150744169442,3.176128105570529e-05,1.1518821931553154,0.9007074021548699,44.50067200835821
BIOR3.5 LVL:3 THR:4.0 soft,F7-T7,4.225448924570085,2.6021995951090347e-05,2.0378062061765383,0.8735355980878082,49.212538652236674
BIOR3.5 LVL:3 THR:4.0 soft,T7-P7,3.49275011801907,3.0976446128153045e-05,2.4224248774238,0.857438871699769,52.05802331869421
BIOR3.5 LVL:3 THR:4.0 soft,P7-O1,4.614592348106351,2.6162342952464738e-05,2.0287237863802905,0.8841458240795929,47.36503910040942
BIOR3.5 LVL:3 THR:4.0 soft,FP1-F3,5.605568120862849,3.0406295905321255e-05,1.2178633242666503,0.9047644046442432,43.309427744114736
BIOR3.5 LVL:3 THR:4.0 soft,F3-C3,7.897444963551323,1.805154715866322e-05,1.7046655013808618,0.9364058780739406,35.50139789755505
BIOR3.5 LVL:4 THR:0.5 hard,FP1-F7,5.079397301351217,3.190168650737112e-05,1.1569742591621033,0.8998213847135061,44.697393826404785
BIOR3.5 LVL:4 THR:0.5 hard,F7-T7,5.837418175224803,2.276173896439008e-05,1.7824925118036885,0.9046564249129403,43.046773225334874
BIOR3.5 LVL:4 THR:0.5 hard,T7-P7,3.942506735822694,3.0080911368273753e-05,2.3523921282841975,0.8655807855192693,50.55301628142382
BIOR3.5 LVL:4 THR:0.5 hard,P7-O1,4.008794890044292,2.7607102001681625e-05,2.140755688647604,0.869465181988051,49.98067138461129
BIOR3.5 LVL:4 THR:0.5 hard,FP1-F3,5.425741114233096,3.0875192932215294e-05,1.2366440561811873,0.9016560123810088,43.9773046196451
BIOR3.5 LVL:4 THR:0.5 hard,F3-C3,7.052933609871684,1.9564826335962446e-05,1.8475693081751727,0.9247665295413879,38.477515442006194
BIOR3.5 LVL:4 THR:0.5 soft,FP1-F7,5.066787908164086,3.191114985688961e-05,1.1573174652115963,0.8998604448040272,44.71065290787207
BIOR3.5 LVL:4 THR:0.5 soft,F7-T7,5.777677160540522,2.2790808200297533e-05,1.7847689501465562,0.9047295568620417,43.101748673735344
BIOR3.5 LVL:4 THR:0.5 soft,T7-P7,3.8953237687682813,3.010150301438687e-05,2.354002439409146,0.8656984252990986,50.58762194241837
BIOR3.5 LVL:4 THR:0.5 soft,P7-O1,3.994626882223739,2.7615726728724876e-05,2.1414244815357435,0.8694677005640918,49.99628583223076
BIOR3.5 LVL:4 THR:0.5 soft,FP1-F3,5.413633644624632,3.088486490450369e-05,1.23703144767274,0.9016690963029846,43.99108096340862
BIOR3.5 LVL:4 THR:0.5 soft,F3-C3,7.038727851751366,1.957527545705173e-05,1.8485560521968405,0.9247386806088305,38.49806539277827
BIOR3.5 LVL:4 THR:1.0 hard,FP1-F7,5.077567600270159,3.190450174120035e-05,1.1570763588762734,0.8998113364057265,44.70133824530406
BIOR3.5 LVL:4 THR:1.0 hard,F7-T7,5.828121973819367,2.2771929306860918e-05,1.7832905268048884,0.9045961564984049,43.066045099163006
BIOR3.5 LVL:4 THR:1.0 hard,T7-P7,3.936331325686389,3.0087923962402243e-05,2.352940528265327,0.8655391223183864,50.564801422532504
BIOR3.5 LVL:4 THR:1.0 hard,P7-O1,4.006849008159497,2.760929007567057e-05,2.1409253599096845,0.8694512443941682,49.984632735100014
BIOR3.5 LVL:4 THR:1.0 hard,FP1-F3,5.423973743615692,3.087803172251665e-05,1.2367577582448672,0.9016432948771621,43.981348071166444
BIOR3.5 LVL:4 THR:1.0 hard,F3-C3,7.050780598703467,1.9567473068406657e-05,1.847819247609692,0.9247498861875066,38.48272068567889
BIOR3.5 LVL:4 THR:1.0 soft,FP1-F7,5.052907738928601,3.192974005910546e-05,1.1579916736247278,0.8998152820173592,44.736699605734344
BIOR3.5 LVL:4 THR:1.0 soft,F7-T7,5.71121426705144,2.2850360360765506e-05,1.7894325340784327,0.9044902742548093,43.214373124387116
BIOR3.5 LVL:4 THR:1.0 soft,T7-P7,3.8459595685348007,3.014282837033134e-05,2.3572341713481206,0.8655762821467892,50.65707201214267
BIOR3.5 LVL:4 THR:1.0 soft,P7-O1,3.9796169432546256,2.763162848742897e-05,2.1426575620815838,0.8693752318362298,50.02507482196893
BIOR3.5 LVL:4 THR:1.0 soft,FP1-F3,5.4000363124227135,3.090406167410296e-05,1.237800335856692,0.9015991153681167,44.01842402119077
BIOR3.5 LVL:4 THR:1.0 soft,F3-C3,7.021569153229155,1.9595260345367397e-05,1.8504432893051739,0.9246197401656259,38.53736903062143
BIOR3.5 LVL:4 THR:2.0 hard,FP1-F7,5.071442240863191,3.191745478298672e-05,1.1575461251352208,0.8997394086070742,44.71948672813872
BIOR3.5 LVL:4 THR:2.0 hard,F7-T7,5.7990747753112295,2.281160518834633e-05,1.7863975812244828,0.904311719149634,43.141079729666835
BIOR3.5 LVL:4 THR:2.0 hard,T7-P7,3.9171147468696472,3.011466143850487e-05,2.355031456546853,0.8653461011888691,50.609735568582536
BIOR3.5 LVL:4 THR:2.0 hard,P7-O1,4.000585785794651,2.7619928581861466e-05,2.14175030860026,0.8693554770850307,50.003892984941444
BIOR3.5 LVL:4 THR:2.0 hard,FP1-F3,5.417778417292477,3.0891538371539196e-05,1.2372987400378987,0.9015624070144441,44.00058636450309
BIOR3.5 LVL:4 THR:2.0 hard,F3-C3,7.042390423248026,1.958109018596506e-05,1.8491051556997873,0.9246465980682009,38.50950103333607
BIOR3.5 LVL:4 THR:2.0 soft,FP1-F7,5.025198366666313,3.197818700471149e-05,1.1597486926145624,0.8996023190281509,44.80457853141242
BIOR3.5 LVL:4 THR:2.0 soft,F7-T7,5.5779351484258175,2.3007781617983785e-05,1.8017603361250731,0.9035547596110368,43.51208663260914
BIOR3.5 LVL:4 THR:2.0 soft,T7-P7,3.7510533600386675,3.0251643658451447e-05,2.3657437615023835,0.8649746533135588,50.839943500464834
BIOR3.5 LVL:4 THR:2.0 soft,P7-O1,3.9503566616561985,2.767261469882435e-05,2.1458357828595354,0.8690536259100587,50.09927740806174
BIOR3.5 LVL:4 THR:2.0 soft,FP1-F3,5.37238999542155,3.095474546896734e-05,1.2398303738163365,0.9013377866374477,44.09061585140617
BIOR3.5 LVL:4 THR:2.0 soft,F3-C3,6.984835841456346,1.964783189922666e-05,1.8554077897676653,0.9242506728525659,38.64075981675438
BIOR3.5 LVL:4 THR:3.0 hard,FP1-F7,5.063026931709573,3.193785641336501e-05,1.1582860283747305,0.8996122406346898,44.748071414641366
BIOR3.5 LVL:4 THR:3.0 hard,F7-T7,5.766225633491321,2.2863727807707552e-05,1.7904793510247743,0.903900149393688,43.23965350643597
BIOR3.5 LVL:4 THR:3.0 hard,T7-P7,3.895768808016362,3.015118534093138e-05,2.3578877044680167,0.86504305635269,50.67111646929473
BIOR3.5 LVL:4 THR:3.0 hard,P7-O1,3.992046195464236,2.7637206150709774e-05,2.143090074498027,0.8691855362056125,50.035172779933326
BIOR3.5 LVL:4 THR:3.0 hard,FP1-F3,5.408702839141749,3.091379612711758e-05,1.2381902298886784,0.9014185898005675,44.03228935982912
BIOR3.5 LVL:4 THR:3.0 hard,F3-C3,7.029664244968492,1.9603762595273223e-05,1.8512461840360903,0.9244663025560668,38.55409013237953
BIOR3.5 LVL:4 THR:3.0 soft,FP1-F7,4.998530875188598,3.2032547747409286e-05,1.161720186503945,0.8993128996577241,44.88074326723282
BIOR3.5 LVL:4 THR:3.0 soft,F7-T7,5.446238506241652,2.319422680108072e-05,1.816361028244954,0.9022418095445633,43.86468989935805
BIOR3.5 LVL:4 THR:3.0 soft,T7-P7,3.6602284835394427,3.0380987591888006e-05,2.375858735983455,0.8640740343073515,51.05731477266032
BIOR3.5 LVL:4 THR:3.0 soft,P7-O1,3.922740235473654,2.771784240190559e-05,2.1493429044201298,0.8686565820373272,50.181158909606026
BIOR3.5 LVL:4 THR:3.0 soft,FP1-F3,5.345768346675691,3.101090272838707e-05,1.2420796404436025,0.9010103520600347,44.170603850494246
BIOR3.5 LVL:4 THR:3.0 soft,F3-C3,6.948350696338198,1.9705921799355165e-05,1.8608934053693287,0.9238142979763686,38.75500335722019
BIOR3.5 LVL:4 THR:4.0 hard,FP1-F7,5.053310938785868,3.196290979509463e-05,1.1591946360672871,0.8994490202698129,44.783173661338985
BIOR3.5 LVL:4 THR:4.0 hard,F7-T7,5.728019859691562,2.2930627201795226e-05,1.795718303513951,0.9033422305518061,43.36617297187356
BIOR3.5 LVL:4 THR:4.0 hard,T7-P7,3.8733246253939795,3.0194984506113527e-05,2.3613128936233085,0.8646535867736839,50.744723943598224
BIOR3.5 LVL:4 THR:4.0 hard,P7-O1,3.9829227492604415,2.7657617380675628e-05,2.144672835943217,0.8689761222781297,50.07212584285955
BIOR3.5 LVL:4 THR:4.0 hard,FP1-F3,5.398109755520157,3.094171827094436e-05,1.239308595473471,0.9012307067703056,44.07206046757246
BIOR3.5 LVL:4 THR:4.0 hard,F3-C3,7.015188535938515,1.9630859758882608e-05,1.8538050561141561,0.9242457288487541,38.607381253563574
BIOR3.5 LVL:4 THR:4.0 soft,FP1-F7,4.973230975166504,3.2088499644569976e-05,1.1637493865824815,0.8989899527141405,44.95913736662152
BIOR3.5 LVL:4 THR:4.0 soft,F7-T7,5.31634170618542,2.339924522272997e-05,1.8324162075940942,0.9006633662235649,44.25241868921713
BIOR3.5 LVL:4 THR:4.0 soft,T7-P7,3.571936667547355,3.05247652302378e-05,2.3871024573101325,0.8629557263973776,51.29894286708262
BIOR3.5 LVL:4 THR:4.0 soft,P7-O1,3.896728468901643,2.7764264851860607e-05,2.1529426710242485,0.8682272164385684,50.26520341438342
BIOR3.5 LVL:4 THR:4.0 soft,FP1-F3,5.320662557384671,3.106778239348158e-05,1.2443578415842764,0.9006605941343225,44.2516208133361
BIOR3.5 LVL:4 THR:4.0 soft,F3-C3,6.913374185182191,1.9764621714389412e-05,1.86643662663526,0.9233592703361272,38.870446594404626
BIOR3.5 LVL:5 THR:0.5 hard,FP1-F7,3.649722306724926,3.5761533625264085e-05,1.2969588257671119,0.872285469949308,50.10541846793313
BIOR3.5 LVL:5 THR:0.5 hard,F7-T7,4.263172063707032,2.6004881519357632e-05,2.036465959438138,0.8734723828085182,49.18017201000291
BIOR3.5 LVL:5 THR:0.5 hard,T7-P7,3.095572137565843,3.2114061330669795e-05,2.5113888391420387,0.8450997557913594,53.969862995050555
BIOR3.5 LVL:5 THR:0.5 hard,P7-O1,2.5645580672567485,3.093692975475083e-05,2.3989627146572654,0.8322241313525701,56.00908489514106
BIOR3.5 LVL:5 THR:0.5 hard,FP1-F3,3.9192286633386884,3.4905982033941496e-05,1.3980892460238266,0.8724486559822915,49.71858826355074
BIOR3.5 LVL:5 THR:0.5 hard,F3-C3,3.951179431612522,2.586175788533917e-05,2.4422087527852017,0.8631501111590256,50.86148843352929
BIOR3.5 LVL:5 THR:0.5 soft,FP1-F7,3.6329797028266695,3.577157437074189e-05,1.2973229721597468,0.8723740607955602,50.11948653780864
BIOR3.5 LVL:5 THR:0.5 soft,F7-T7,4.191261044463045,2.6036245724521835e-05,2.0389221189139732,0.873620008024562,49.23948768132348
BIOR3.5 LVL:5 THR:0.5 soft,T7-P7,3.037638735385897,3.213560357171655e-05,2.513073488840433,0.8453036630609444,54.00606619544707
BIOR3.5 LVL:5 THR:0.5 soft,P7-O1,2.5438166189782896,3.09448257245227e-05,2.3995749970404536,0.832288725859934,56.023379980166865
BIOR3.5 LVL:5 THR:0.5 soft,FP1-F3,3.9028579084268635,3.491641355224474e-05,1.3985070596107723,0.8725000378436876,49.73344647218037
BIOR3.5 LVL:5 THR:0.5 soft,F3-C3,3.931418684870527,2.587106398658627e-05,2.443087557776755,0.8631522140349457,50.879790443896844
BIOR3.5 LVL:5 THR:1.0 hard,FP1-F7,3.647930973911293,3.576403483724489e-05,1.2970495368923005,0.8722773592100925,50.10892291140272
BIOR3.5 LVL:5 THR:1.0 hard,F7-T7,4.254296272868443,2.6013560186348978e-05,2.037145593755565,0.8734199371928291,49.19658501827347
BIOR3.5 LVL:5 THR:1.0 hard,T7-P7,3.089344586831046,3.212044253714287e-05,2.5118878632471406,0.8450631102533932,53.980587046286196
BIOR3.5 LVL:5 THR:1.0 hard,P7-O1,2.5626065306654544,3.093890468409246e-05,2.399115857903612,0.8322103076429808,56.01266036258511
BIOR3.5 LVL:5 THR:1.0 hard,FP1-F3,3.9175382398392955,3.490839134726646e-05,1.3981857462468157,0.8724383024552572,49.72201998643095
BIOR3.5 LVL:5 THR:1.0 hard,F3-C3,3.949391317339053,2.586360153445406e-05,2.4423828544849164,0.8631353372530591,50.865114279016986
BIOR3.5 LVL:5 THR:1.0 soft,FP1-F7,3.6154422563386794,3.579079197820912e-05,1.2980199345964232,0.8723615124729073,50.14641229200555
BIOR3.5 LVL:5 THR:1.0 soft,F7-T7,4.114944781094592,2.6097380752664485e-05,2.043709658655276,0.8734046385876758,49.355105635500806
BIOR3.5 LVL:5 THR:1.0 soft,T7-P7,2.97802549641818,3.2178870177995614e-05,2.5164570307412206,0.8452357689583385,54.07877866831363
BIOR3.5 LVL:5 THR:1.0 soft,P7-O1,2.5227050963987585,3.096017062275113e-05,2.4007648965877597,0.8322394903845347,56.051160814089194
BIOR3.5 LVL:5 THR:1.0 soft,FP1-F3,3.8855299538950354,3.4936355853998706e-05,1.3993058085929975,0.872451529307194,49.76185143408544
BIOR3.5 LVL:5 THR:1.0 soft,F3-C3,3.9104816795124786,2.588860535628186e-05,2.444744045583823,0.8630421922008198,50.91428849216704
BIOR3.5 LVL:5 THR:2.0 hard,FP1-F7,3.642181056987803,3.5775554103756336e-05,1.297467304612358,0.872208553719233,50.12506253435758
BIOR3.5 LVL:5 THR:2.0 hard,F7-T7,4.227004074215669,2.6048674306488124e-05,2.0398954124888578,0.873139295774451,49.26299249131415
BIOR3.5 LVL:5 THR:2.0 hard,T7-P7,3.07011057839246,3.214549916193291e-05,2.513847345331837,0.8448751866222218,54.02269640745085
BIOR3.5 LVL:5 THR:2.0 hard,P7-O1,2.556666108192496,3.094838393993546e-05,2.399850914081142,0.8321126298706276,56.029821873098975
BIOR3.5 LVL:5 THR:2.0 hard,FP1-F3,3.911804135723729,3.492047436101571e-05,1.398669707178382,0.8723574825407553,49.73923051455755
BIOR3.5 LVL:5 THR:2.0 hard,F3-C3,3.9432934805937063,2.5873239178480184e-05,2.4432929681245685,0.863035273548807,50.884068323917354
BIOR3.5 LVL:5 THR:2.0 soft,FP1-F7,3.5809544974913248,3.584218838589629e-05,1.2998839213387452,0.8721714190915765,50.21842370353781
BIOR3.5 LVL:5 THR:2.0 soft,F7-T7,3.964633477965958,2.6261415433251996e-05,2.05655536391008,0.8723860096213228,49.665326383897394
BIOR3.5 LVL:5 THR:2.0 soft,T7-P7,2.8631220276671465,3.229614811859649e-05,2.52562841856632,0.8446559690091918,54.27587221937209
BIOR3.5 LVL:5 THR:2.0 soft,P7-O1,2.4817997627277126,3.100175319607445e-05,2.403989361451369,0.8319568677971904,56.12644307053439
BIOR3.5 LVL:5 THR:2.0 soft,FP1-F3,3.8510491921202874,3.499010381859741e-05,1.4014585757384126,0.8721915487254206,49.83840773664952
BIOR3.5 LVL:5 THR:2.0 soft,F3-C3,3.868389043222376,2.5936308704479497e-05,2.449248825770149,0.8626379673145376,51.00810513461461
BIOR3.5 LVL:5 THR:3.0 hard,FP1-F7,3.634470534419727,3.5793922380930696e-05,1.2981334644992648,0.8720804214047785,50.15079829345562
BIOR3.5 LVL:5 THR:3.0 hard,F7-T7,4.19603556398218,2.6097727814269404e-05,2.0437368373656932,0.8726891670542941,49.355761994939144
BIOR3.5 LVL:5 THR:3.0 hard,T7-P7,3.04865413589376,3.218113011974628e-05,2.516633763058921,0.8445574312173761,54.08257665404346
BIOR3.5 LVL:5 THR:3.0 hard,P7-O1,2.548697077977726,3.0963744998940836e-05,2.4010420667942163,0.8319390824382137,56.057631964944946
BIOR3.5 LVL:5 THR:3.0 hard,FP1-F3,3.90374111016794,3.494000601621245e-05,1.3994520085346671,0.8722140621488742,49.76705056906533
BIOR3.5 LVL:5 THR:3.0 hard,F3-C3,3.934217239888195,2.5890716134188924e-05,2.4449433731122405,0.8628397483176253,50.918439691268894
BIOR3.5 LVL:5 THR:3.0 soft,FP1-F7,3.5476778032581846,3.590219356015135e-05,1.3020601210833447,0.8718603392445848,50.302496841949505
BIOR3.5 LVL:5 THR:3.0 soft,F7-T7,3.8176171679508233,2.6459671685179948e-05,2.072080991588735,0.8708469408968079,50.04026662596761
BIOR3.5 LVL:5 THR:3.0 soft,T7-P7,2.752525652432349,3.243943539753352e-05,2.5368337927296256,0.8436805323170372,54.51667623146944
BIOR3.5 LVL:5 THR:3.0 soft,P7-O1,2.4426988259757527,3.105047141121788e-05,2.407767150087159,0.8315438876893345,56.214643892966976
BIOR3.5 LVL:5 THR:3.0 soft,FP1-F3,3.817678297184528,3.505231706769025e-05,1.4039504029109677,0.8718204025003536,49.92702162847977
BIOR3.5 LVL:5 THR:3.0 soft,F3-C3,3.8272013768520634,2.5991885920106066e-05,2.4544971605144617,0.8621099840353043,51.117407059189546
BIOR3.5 LVL:5 THR:4.0 hard,FP1-F7,3.6256212829467915,3.5816669701817884e-05,1.2989584385872428,0.8719128064119969,50.18266952258187
BIOR3.5 LVL:5 THR:4.0 hard,F7-T7,4.15935261793325,2.6163510424759842e-05,2.0488883335141006,0.8720443859669424,49.48016941039991
BIOR3.5 LVL:5 THR:4.0 hard,T7-P7,3.025481333755062,3.22262867765432e-05,2.520165110985458,0.8441193033163821,54.158465485280026
BIOR3.5 LVL:5 THR:4.0 hard,P7-O1,2.5401515209107806,3.0982640008160505e-05,2.4025072549357165,0.8317139022135623,56.09184001932748
BIOR3.5 LVL:5 THR:4.0 hard,FP1-F3,3.894332992803241,3.496533402740712e-05,1.4004664713290387,0.8720168616135212,49.803126705210076
BIOR3.5 LVL:5 THR:4.0 hard,F3-C3,3.9242744183181704,2.5910740334165176e-05,2.4468343225467817,0.8626122986354664,50.957820642092045
BIOR3.5 LVL:5 THR:4.0 soft,FP1-F7,3.5156483896179127,3.5966627656669146e-05,1.3043969439678098,0.8714779946163853,50.39277533513321
BIOR3.5 LVL:5 THR:4.0 soft,F7-T7,3.6735910956336983,2.6680411041589443e-05,2.089367291659035,0.8689314428312829,50.45772669051415
BIOR3.5 LVL:5 THR:4.0 soft,T7-P7,2.6447028203350116,3.260139480360282e-05,2.5494993674947852,0.8424082092138974,54.78886002243617
BIOR3.5 LVL:5 THR:4.0 soft,P7-O1,2.405145296609545,3.110313976371603e-05,2.4118512468248485,0.8310522704372276,56.30999615480231
BIOR3.5 LVL:5 THR:4.0 soft,FP1-F3,3.7856094869825387,3.5118244192131906e-05,1.406590981927296,0.8713907319594743,50.02092540555522
BIOR3.5 LVL:5 THR:4.0 soft,F3-C3,3.7872592905227975,2.6051127679743794e-05,2.460091549904352,0.8615169196624985,51.233915924749084
